,id,ligand_a,ligand_b,lomap_score
0,jnk1_edge_17124-1_18634-1,lig_17124-1,lig_18634-1,0.9048374180359595
1,jnk1_edge_18626-1_18624-1,lig_18626-1,lig_18624-1,0.9048374180359595
2,jnk1_edge_18636-1_18625-1,lig_18636-1,lig_18625-1,0.8913661439068313
3,jnk1_edge_18632-1_18624-1,lig_18632-1,lig_18624-1,0.8187307530779818
4,jnk1_edge_18635-1_18625-1,lig_18635-1,lig_18625-1,0.8607079764250578
5,jnk1_edge_18626-1_18658-1,lig_18626-1,lig_18658-1,0.6603402807049829
6,jnk1_edge_18639-1_18658-1,lig_18639-1,lig_18658-1,0.6703200460356393
7,jnk1_edge_18626-1_18625-1,lig_18626-1,lig_18625-1,0.8187307530779818
8,jnk1_edge_18638-1_18658-1,lig_18638-1,lig_18658-1,0.6065306597126334
9,jnk1_edge_18628-1_18624-1,lig_18628-1,lig_18624-1,0.9048374180359595
10,jnk1_edge_18631-1_18660-1,lig_18631-1,lig_18660-1,0.5488116360940264
11,jnk1_edge_18638-1_18634-1,lig_18638-1,lig_18634-1,0.6703200460356393
12,jnk1_edge_18626-1_18632-1,lig_18626-1,lig_18632-1,0.8913661439068313
13,jnk1_edge_18626-1_18630-1,lig_18626-1,lig_18630-1,0.8187307530779818
14,jnk1_edge_18631-1_18624-1,lig_18631-1,lig_18624-1,0.8187307530779818
15,jnk1_edge_18629-1_18627-1,lig_18629-1,lig_18627-1,0.8187307530779818
16,jnk1_edge_18634-1_18637-1,lig_18634-1,lig_18637-1,0.6703200460356393
17,jnk1_edge_18626-1_18627-1,lig_18626-1,lig_18627-1,0.8187307530779818
18,jnk1_edge_18631-1_18652-1,lig_18631-1,lig_18652-1,0.49658530379140947
19,jnk1_edge_18637-1_18631-1,lig_18637-1,lig_18631-1,0.5488116360940264
20,jnk1_edge_18626-1_18634-1,lig_18626-1,lig_18634-1,0.7297888742690568
21,jnk1_edge_18633-1_18624-1,lig_18633-1,lig_18624-1,0.8187307530779818
22,jnk1_edge_17124-1_18631-1,lig_17124-1,lig_18631-1,0.7408182206817179
23,jnk1_edge_18627-1_18630-1,lig_18627-1,lig_18630-1,0.951229424500714
24,jnk1_edge_18659-1_18634-1,lig_18659-1,lig_18634-1,0.8187307530779818
25,jnk1_edge_18636-1_18624-1,lig_18636-1,lig_18624-1,0.8187307530779818
26,jnk1_edge_18626-1_18628-1,lig_18626-1,lig_18628-1,0.8187307530779818
27,jnk1_edge_18626-1_18660-1,lig_18626-1,lig_18660-1,0.4891921117963315
28,jnk1_edge_18626-1_18659-1,lig_18626-1,lig_18659-1,0.5975005946182375
29,jnk1_edge_18639-1_18634-1,lig_18639-1,lig_18634-1,0.7408182206817179
30,jnk1_edge_18635-1_18624-1,lig_18635-1,lig_18624-1,0.8187307530779818
31,pde2_edge_49220392_49137530,lig_49220392,lig_49137530,0.7046880897187134
32,pde2_edge_49932714_49137530,lig_49932714,lig_49137530,0.951229424500714
33,pde2_edge_49582468_49137530,lig_49582468,lig_49137530,0.8187307530779817
34,pde2_edge_49396360_49137530,lig_49396360,lig_49137530,0.9048374180359595
35,pde2_edge_50181001_49137530,lig_50181001,lig_49137530,0.9048374180359595
36,pde2_edge_49585367_49137530,lig_49585367,lig_49137530,0.951229424500714
37,pde2_edge_49220392_49175828,lig_49220392,lig_49175828,0.7408182206817179
38,pde2_edge_49220548_49220392,lig_49220548,lig_49220392,0.7408182206817179
39,pde2_edge_49220548_49932129,lig_49220548,lig_49932129,0.7788007830714048
40,pde2_edge_49582468_49932129,lig_49582468,lig_49932129,0.9048374180359595
41,pde2_edge_49396360_49175828,lig_49396360,lig_49175828,0.7046880897187134
42,pde2_edge_49175828_49580115,lig_49175828,lig_49580115,0.7046880897187134
43,pde2_edge_49220548_49137374,lig_49220548,lig_49137374,0.6703200460356393
44,pde2_edge_49220548_49580115,lig_49220548,lig_49580115,0.8187307530779817
45,pde2_edge_49396360_49220548,lig_49396360,lig_49220548,0.8607079764250578
46,pde2_edge_49932714_49582390,lig_49932714,lig_49582390,0.301194211912202
47,pde2_edge_49396360_49582390,lig_49396360,lig_49582390,0.33287108369807955
48,pde2_edge_50181001_49582390,lig_50181001,lig_49582390,0.27253179303401254
49,pde2_edge_50107616_49582390,lig_50107616,lig_49582390,0.2865047968601901
50,pde2_edge_48168913_48271249,lig_48168913,lig_48271249,0.006096746565515633
51,pde2_edge_49072088_48271249,lig_49072088,lig_48271249,0.8187307530779818
52,pde2_edge_50107616_48271249,lig_50107616,lig_48271249,0.7046880897187134
53,pde2_edge_49137374_48271249,lig_49137374,lig_48271249,0.8607079764250578
54,pde2_edge_49932714_49175789,lig_49932714,lig_49175789,0.8187307530779817
55,pde2_edge_49932714_49580115,lig_49932714,lig_49580115,0.8607079764250578
56,pde2_edge_49932714_49582468,lig_49932714,lig_49582468,0.8187307530779817
57,pde2_edge_48168913_49585367,lig_48168913,lig_49585367,0.004516580942612666
58,pde2_edge_50107616_49585367,lig_50107616,lig_49585367,0.951229424500714
59,pde2_edge_48168913_48022468,lig_48168913,lig_48022468,0.17377394345044514
60,pde2_edge_43249674_48022468,lig_43249674,lig_48022468,0.2725317930340126
61,pde2_edge_48009208_43249674,lig_48009208,lig_43249674,0.2725317930340126
62,pde2_edge_43249674_49175789,lig_43249674,lig_49175789,0.1826835240527346
63,pde2_edge_49175789_49072088,lig_49175789,lig_49072088,0.6376281516217733
64,pde2_edge_48009208_49137374,lig_48009208,lig_49137374,0.006096746565515633
65,thrombin_edge_1d_6e,lig_1d,lig_6e,0.1002588437228037
66,thrombin_edge_1d_5,lig_1d,lig_5,0.9048374180359595
67,thrombin_edge_1b_3b,lig_1b,lig_3b,0.3166367693790532
68,thrombin_edge_6a_1b,lig_6a,lig_1b,0.1002588437228037
69,thrombin_edge_1b_1c,lig_1b,lig_1c,0.3624024298324903
70,thrombin_edge_1d_1c,lig_1d,lig_1c,0.3624024298324903
71,thrombin_edge_1b_1a,lig_1b,lig_1a,0.3499377491111554
72,thrombin_edge_1a_5,lig_1a,lig_5,0.9048374180359595
73,thrombin_edge_3a_1d,lig_3a,lig_1d,0.3499377491111554
74,thrombin_edge_6a_6b,lig_6a,lig_6b,0.28650479686019004
75,thrombin_edge_1d_7a,lig_1d,lig_7a,0.1002588437228037
76,thrombin_edge_1b_7a,lig_1b,lig_7a,0.1002588437228037
77,thrombin_edge_3a_1b,lig_3a,lig_1b,0.3499377491111554
78,thrombin_edge_1d_1a,lig_1d,lig_1a,0.33287108369807955
79,thrombin_edge_1a_3b,lig_1a,lig_3b,0.3166367693790532
80,thrombin_edge_6e_6b,lig_6e,lig_6b,0.28650479686019004
81,p38_edge_p38a_2u_p38a_2q,lig_p38a_2u,lig_p38a_2q,0.0026058405184084974
82,p38_edge_p38a_3fln_p38a_2g,lig_p38a_3fln,lig_p38a_2g,0.0
83,p38_edge_p38a_2u_p38a_2k,lig_p38a_2u,lig_p38a_2k,0.0
84,p38_edge_p38a_2v_p38a_3fln,lig_p38a_2v,lig_p38a_3fln,0.030197383422318497
85,p38_edge_p38a_3fln_p38a_2n,lig_p38a_3fln,lig_p38a_2n,0.011108996538242301
86,p38_edge_p38a_2ee_p38a_3fln,lig_p38a_2ee,lig_p38a_3fln,0.010567204383852648
87,p38_edge_p38a_3fly_p38a_3flq,lig_p38a_3fly,lig_p38a_3flq,0.012277339903068441
88,p38_edge_p38a_3fln_p38a_2p,lig_p38a_3fln,lig_p38a_2p,0.007083408929052118
89,p38_edge_p38a_3fly_p38a_2x,lig_p38a_3fly,lig_p38a_2x,0.06081006262521795
90,p38_edge_p38a_2v_p38a_2y,lig_p38a_2v,lig_p38a_2y,0.0
91,p38_edge_p38a_2j_p38a_2f,lig_p38a_2j,lig_p38a_2f,0.0
92,p38_edge_p38a_2j_p38a_2q,lig_p38a_2j,lig_p38a_2q,0.023517745856009104
93,p38_edge_p38a_2z_p38a_3fmk,lig_p38a_2z,lig_p38a_3fmk,0.004086771438464067
94,p38_edge_p38a_3fly_p38a_3fmh,lig_p38a_3fly,lig_p38a_3fmh,0.009095277101695819
95,p38_edge_p38a_2z_p38a_2aa,lig_p38a_2z,lig_p38a_2aa,0.006737946999085467
96,p38_edge_p38a_3fln_p38a_2gg,lig_p38a_3fln,lig_p38a_2gg,0.0
97,p38_edge_p38a_2v_p38a_3fly,lig_p38a_2v,lig_p38a_3fly,0.0
98,p38_edge_p38a_2j_p38a_2h,lig_p38a_2j,lig_p38a_2h,0.0
99,p38_edge_p38a_2l_p38a_2o,lig_p38a_2l,lig_p38a_2o,0.008651695203120632
100,p38_edge_p38a_3fln_p38a_2t,lig_p38a_3fln,lig_p38a_2t,0.012277339903068438
101,p38_edge_p38a_2v_p38a_2x,lig_p38a_2v,lig_p38a_2x,0.03337326996032608
102,p38_edge_p38a_2j_p38a_2ff,lig_p38a_2j,lig_p38a_2ff,0.0
103,p38_edge_p38a_2g_p38a_2c,lig_p38a_2g,lig_p38a_2c,0.12245642825298189
104,p38_edge_p38a_2l_p38a_2p,lig_p38a_2l,lig_p38a_2p,0.007828377549225767
105,p38_edge_p38a_2g_p38a_2h,lig_p38a_2g,lig_p38a_2h,0.0
106,p38_edge_p38a_3fln_p38a_2o,lig_p38a_3fln,lig_p38a_2o,0.007446583070924341
107,p38_edge_p38a_2gg_p38a_2j,lig_p38a_2gg,lig_p38a_2j,0.0
108,p38_edge_p38a_3fln_p38a_2r,lig_p38a_3fln,lig_p38a_2r,0.01005183574463358
109,p38_edge_p38a_3fln_p38a_2i,lig_p38a_3fln,lig_p38a_2i,0.005247518399181385
110,p38_edge_p38a_2z_p38a_3flw,lig_p38a_2z,lig_p38a_3flw,0.01005183574463358
111,p38_edge_p38a_2g_p38a_2i,lig_p38a_2g,lig_p38a_2i,0.0
112,p38_edge_p38a_3flz_p38a_2c,lig_p38a_3flz,lig_p38a_2c,0.13533528323661265
113,p38_edge_p38a_2ee_p38a_2j,lig_p38a_2ee,lig_p38a_2j,0.0
114,p38_edge_p38a_2m_p38a_2j,lig_p38a_2m,lig_p38a_2j,0.038774207831722
115,p38_edge_p38a_2t_p38a_2j,lig_p38a_2t,lig_p38a_2j,0.02599112877875534
116,p38_edge_p38a_2j_p38a_2r,lig_p38a_2j,lig_p38a_2r,0.021279736438377165
117,p38_edge_p38a_2e_p38a_2j,lig_p38a_2e,lig_p38a_2j,0.0
118,p38_edge_p38a_2v_p38a_3fmh,lig_p38a_2v,lig_p38a_3fmh,0.0
119,p38_edge_p38a_2v_p38a_3fmk,lig_p38a_2v,lig_p38a_3fmk,0.0
120,p38_edge_p38a_2aa_p38a_2bb,lig_p38a_2aa,lig_p38a_2bb,0.006409333446256383
121,p38_edge_p38a_3fln_p38a_2s,lig_p38a_3fln,lig_p38a_2s,0.01005183574463358
122,p38_edge_p38a_2v_p38a_2j,lig_p38a_2v,lig_p38a_2j,0.21224797382674304
123,p38_edge_p38a_2v_p38a_2bb,lig_p38a_2v,lig_p38a_2bb,0.030197383422318487
124,p38_edge_p38a_2l_p38a_2j,lig_p38a_2l,lig_p38a_2j,0.02872463965423943
125,p38_edge_p38a_2z_p38a_2y,lig_p38a_2z,lig_p38a_2y,0.01005183574463358
126,p38_edge_p38a_3fln_p38a_3flz,lig_p38a_3fln,lig_p38a_3flz,0.012277339903068441
127,p38_edge_p38a_2z_p38a_3flq,lig_p38a_2z,lig_p38a_3flq,0.0070834089290521185
128,p38_edge_p38a_2l_p38a_2n,lig_p38a_2l,lig_p38a_2n,0.012277339903068438
129,p38_edge_p38a_3fln_p38a_2e,lig_p38a_3fln,lig_p38a_2e,0.0
130,p38_edge_p38a_2m_p38a_2k,lig_p38a_2m,lig_p38a_2k,0.0
131,p38_edge_p38a_3flz_p38a_2g,lig_p38a_3flz,lig_p38a_2g,0.013568559012200927
132,p38_edge_p38a_2aa_p38a_3flw,lig_p38a_2aa,lig_p38a_3flw,0.012277339903068441
133,p38_edge_p38a_2s_p38a_2l,lig_p38a_2s,lig_p38a_2l,0.011108996538242301
134,p38_edge_p38a_2g_p38a_2f,lig_p38a_2g,lig_p38a_2f,0.0
135,p38_edge_p38a_3fln_p38a_2k,lig_p38a_3fln,lig_p38a_2k,0.0
136,p38_edge_p38a_3fln_p38a_2ff,lig_p38a_3fln,lig_p38a_2ff,0.0
137,ptp1b_edge_23466_23475,lig_23466,lig_23475,0.6065306597126334
138,ptp1b_edge_23467_23466,lig_23467,lig_23466,0.8607079764250578
139,ptp1b_edge_23467_23468,lig_23467,lig_23468,0.6065306597126334
140,ptp1b_edge_23467_23469,lig_23467,lig_23469,0.4065696597405991
141,ptp1b_edge_23467_23470,lig_23467,lig_23470,0.49658530379140947
142,ptp1b_edge_23467_23473,lig_23467,lig_23473,0.5488116360940264
143,ptp1b_edge_23467_23474,lig_23467,lig_23474,0.522045776761016
144,ptp1b_edge_23467_23475,lig_23467,lig_23475,0.2865047968601901
145,ptp1b_edge_23467_23476,lig_23467,lig_23476,0.23457028809379762
146,ptp1b_edge_23469_23472,lig_23469,lig_23472,0.6703200460356393
147,ptp1b_edge_23469_20669_2qbr,lig_23469,lig_20669_2qbr,0.7788007830714048
148,ptp1b_edge_23471_23466,lig_23471,lig_23466,0.6703200460356393
149,ptp1b_edge_23471_23468,lig_23471,lig_23468,0.7788007830714049
150,ptp1b_edge_23471_23470,lig_23471,lig_23470,0.6376281516217733
151,ptp1b_edge_23473_20669_2qbr,lig_23473,lig_20669_2qbr,0.951229424500714
152,ptp1b_edge_23474_23466,lig_23474,lig_23466,0.49658530379140947
153,ptp1b_edge_23476_23466,lig_23476,lig_23466,0.49658530379140947
154,ptp1b_edge_23477_23466,lig_23477,lig_23466,0.5488116360940264
155,ptp1b_edge_23477_23467,lig_23477,lig_23467,0.25924026064589145
156,ptp1b_edge_23477_23479,lig_23477,lig_23479,0.7046880897187134
157,ptp1b_edge_23477_23482,lig_23477,lig_23482,0.6376281516217733
158,ptp1b_edge_23477_23483,lig_23477,lig_23483,0.38674102345450123
159,ptp1b_edge_23477_23330_2qbq,lig_23477,lig_23330_2qbq,0.6376281516217733
160,ptp1b_edge_23480_23479,lig_23480,lig_23479,0.07427357821433388
161,ptp1b_edge_23480_23482,lig_23480,lig_23482,0.04504920239355781
162,ptp1b_edge_23482_23479,lig_23482,lig_23479,0.149568619222635
163,ptp1b_edge_23482_23485,lig_23482,lig_23485,0.522045776761016
164,ptp1b_edge_23482_23486,lig_23482,lig_23486,0.5406408953093165
165,ptp1b_edge_23483_23479,lig_23483,lig_23479,0.07427357821433388
166,ptp1b_edge_23484_23479,lig_23484,lig_23479,0.07427357821433385
167,ptp1b_edge_23484_23482,lig_23484,lig_23482,0.49658530379140947
168,ptp1b_edge_23484_23485,lig_23484,lig_23485,0.9048374180359595
169,ptp1b_edge_23484_23486,lig_23484,lig_23486,0.9048374180359595
170,ptp1b_edge_23485_23479,lig_23485,lig_23479,0.07808166600115313
171,ptp1b_edge_23486_23479,lig_23486,lig_23479,0.08086291220670365
172,ptp1b_edge_23486_23485,lig_23486,lig_23485,0.951229424500714
173,ptp1b_edge_20667_2qbp_23479,lig_20667_2qbp,lig_23479,0.4065696597405991
174,ptp1b_edge_20667_2qbp_23482,lig_20667_2qbp,lig_23482,0.5488116360940264
175,ptp1b_edge_20667_2qbp_23484,lig_20667_2qbp,lig_23484,0.9048374180359595
176,ptp1b_edge_20667_2qbp_23485,lig_20667_2qbp,lig_23485,0.951229424500714
177,ptp1b_edge_20667_2qbp_23486,lig_20667_2qbp,lig_23486,0.9851119396030626
178,ptp1b_edge_20669_2qbr_23466,lig_20669_2qbr,lig_23466,0.49658530379140947
179,ptp1b_edge_20669_2qbr_23472,lig_20669_2qbr,lig_23472,0.6065306597126334
180,ptp1b_edge_20670_2qbs_23466,lig_20670_2qbs,lig_23466,0.5488116360940264
181,ptp1b_edge_20670_2qbs_23477,lig_20670_2qbs,lig_23477,0.951229424500714
182,ptp1b_edge_20670_2qbs_23479,lig_20670_2qbs,lig_23479,0.7046880897187134
183,ptp1b_edge_20670_2qbs_23482,lig_20670_2qbs,lig_23482,0.6376281516217733
184,ptp1b_edge_20670_2qbs_23483,lig_20670_2qbs,lig_23483,0.38674102345450123
185,ptp1b_edge_20670_2qbs_23330_2qbq,lig_20670_2qbs,lig_23330_2qbq,0.6703200460356393
186,galectin_edge_02_ligOMe_05_ligOEt,lig_02_ligOMe,lig_05_ligOEt,0.06720551273974974
187,galectin_edge_07_ligOH_02_ligOMe,lig_07_ligOH,lig_02_ligOMe,0.0820849986238988
188,galectin_edge_07_ligOH_01_ligF,lig_07_ligOH,lig_01_ligF,0.09071795328941251
189,galectin_edge_03_ligNHMe_02_ligOMe,lig_03_ligNHMe,lig_02_ligOMe,0.07427357821433388
190,galectin_edge_03_ligNHMe_04_ligNMe2,lig_03_ligNHMe,lig_04_ligNMe2,0.0450492023935578
191,galectin_edge_04_ligNMe2_08_ligNH2,lig_04_ligNMe2,lig_08_ligNH2,0.07427357821433388
192,galectin_edge_06_ligPyr_01_ligF,lig_06_ligPyr,lig_01_ligF,0.033373269960326066
193,cdk2_edge_22_1h1r,lig_22,lig_1h1r,0.14227407158651356
194,cdk2_edge_1h1s_1oiy,lig_1h1s,lig_1oiy,0.7408182206817179
195,cdk2_edge_1oiu_26,lig_1oiu,lig_26,0.11080315836233388
196,cdk2_edge_26_1h1q,lig_26,lig_1h1q,0.24659696394160643
197,cdk2_edge_17_1h1q,lig_17,lig_1h1q,0.2725317930340126
198,cdk2_edge_1oiy_1oi9,lig_1oiy,lig_1oi9,0.11648415777349692
199,cdk2_edge_29_26,lig_29,lig_26,0.07427357821433386
200,cdk2_edge_1h1s_26,lig_1h1s,lig_26,0.5488116360940264
201,cdk2_edge_28_26,lig_28,lig_26,0.08208499862389879
202,cdk2_edge_17_21,lig_17,lig_21,0.14734183258616193
203,cdk2_edge_28_31,lig_28,lig_31,0.5769498103804868
204,cdk2_edge_1h1r_1oi9,lig_1h1r,lig_1oi9,0.24659696394160643
205,cdk2_edge_1h1r_21,lig_1h1r,lig_21,0.14734183258616193
206,cdk2_edge_30_26,lig_30,lig_26,0.11080315836233386
207,cdk2_edge_1oiy_32,lig_1oiy,lig_32,0.33287108369807955
208,cdk2_edge_17_22,lig_17,lig_22,0.14227407158651356
209,cdk2_edge_26_1oi9,lig_26,lig_1oi9,0.14956861922263504
210,cdk2_edge_1oiy_29,lig_1oiy,lig_29,0.33287108369807955
211,cdk2_edge_1oiy_31,lig_1oiy,lig_31,0.522045776761016
212,cdk2_edge_31_32,lig_31,lig_32,0.0820849986238988
213,cdk2_edge_1oi9_20,lig_1oi9,lig_20,0.22313016014842982
214,cdk2_edge_20_1h1q,lig_20,lig_1h1q,0.24659696394160643
215,cdk2_edge_1oiy_1h1q,lig_1oiy,lig_1h1q,0.22313016014842982
216,cdk2_edge_1oiu_1h1q,lig_1oiu,lig_1h1q,0.13533528323661267
217,cdk2_edge_30_31,lig_30,lig_31,0.7788007830714048
218,cmet_edge_CHEMBL3402741_400_CHEMBL3402763_90,lig_CHEMBL3402741_400,lig_CHEMBL3402763_90,0.7297888742690568
219,cmet_edge_CHEMBL3402741_400_CHEMBL3402764_90,lig_CHEMBL3402741_400,lig_CHEMBL3402764_90,0.4065696597405991
220,cmet_edge_CHEMBL3402742_23_CHEMBL3402763_90,lig_CHEMBL3402742_23,lig_CHEMBL3402763_90,0.6065306597126334
221,cmet_edge_CHEMBL3402743_42_CHEMBL3402742_23,lig_CHEMBL3402743_42,lig_CHEMBL3402742_23,0.7046880897187134
222,cmet_edge_CHEMBL3402743_42_CHEMBL3402758_10,lig_CHEMBL3402743_42,lig_CHEMBL3402758_10,0.02872463965423943
223,cmet_edge_CHEMBL3402743_42_CHEMBL3402760_1,lig_CHEMBL3402743_42,lig_CHEMBL3402760_1,0.024723526470339395
224,cmet_edge_CHEMBL3402743_42_CHEMBL3402762_1,lig_CHEMBL3402743_42,lig_CHEMBL3402762_1,0.020241911445804388
225,cmet_edge_CHEMBL3402743_42_CHEMBL3402763_90,lig_CHEMBL3402743_42,lig_CHEMBL3402763_90,0.42741493194872665
226,cmet_edge_CHEMBL3402743_42_CHEMBL3402764_90,lig_CHEMBL3402743_42,lig_CHEMBL3402764_90,0.7408182206817179
227,cmet_edge_CHEMBL3402744_300_4_CHEMBL3402745_200_5,lig_CHEMBL3402744_300_4,lig_CHEMBL3402745_200_5,0.9048374180359595
228,cmet_edge_CHEMBL3402744_300_4_CHEMBL3402752_30000_12,lig_CHEMBL3402744_300_4,lig_CHEMBL3402752_30000_12,0.12245642825298192
229,cmet_edge_CHEMBL3402745_200_5_CHEMBL3402742_23,lig_CHEMBL3402745_200_5,lig_CHEMBL3402742_23,0.0
230,cmet_edge_CHEMBL3402745_200_5_CHEMBL3402743_42,lig_CHEMBL3402745_200_5,lig_CHEMBL3402743_42,0.0
231,cmet_edge_CHEMBL3402745_200_5_CHEMBL3402748_5300_8,lig_CHEMBL3402745_200_5,lig_CHEMBL3402748_5300_8,0.11080315836233386
232,cmet_edge_CHEMBL3402745_200_5_CHEMBL3402752_30000_12,lig_CHEMBL3402745_200_5,lig_CHEMBL3402752_30000_12,0.11080315836233386
233,cmet_edge_CHEMBL3402747_3400_7_CHEMBL3402744_300_4,lig_CHEMBL3402747_3400_7,lig_CHEMBL3402744_300_4,0.12245642825298192
234,cmet_edge_CHEMBL3402747_3400_7_CHEMBL3402749_500_9,lig_CHEMBL3402747_3400_7,lig_CHEMBL3402749_500_9,0.8607079764250578
235,cmet_edge_CHEMBL3402747_3400_7_CHEMBL3402751_2100_11,lig_CHEMBL3402747_3400_7,lig_CHEMBL3402751_2100_11,0.9048374180359595
236,cmet_edge_CHEMBL3402747_3400_7_CHEMBL3402752_30000_12,lig_CHEMBL3402747_3400_7,lig_CHEMBL3402752_30000_12,0.9048374180359595
237,cmet_edge_CHEMBL3402747_3400_7_CHEMBL3402755_4200_15,lig_CHEMBL3402747_3400_7,lig_CHEMBL3402755_4200_15,0.0
238,cmet_edge_CHEMBL3402748_5300_8_CHEMBL3402751_2100_11,lig_CHEMBL3402748_5300_8,lig_CHEMBL3402751_2100_11,0.951229424500714
239,cmet_edge_CHEMBL3402749_500_9_CHEMBL3402748_5300_8,lig_CHEMBL3402749_500_9,lig_CHEMBL3402748_5300_8,0.951229424500714
240,cmet_edge_CHEMBL3402750_400_10_CHEMBL3402748_5300_8,lig_CHEMBL3402750_400_10,lig_CHEMBL3402748_5300_8,0.951229424500714
241,cmet_edge_CHEMBL3402750_400_10_CHEMBL3402749_500_9,lig_CHEMBL3402750_400_10,lig_CHEMBL3402749_500_9,0.951229424500714
242,cmet_edge_CHEMBL3402750_400_10_CHEMBL3402751_2100_11,lig_CHEMBL3402750_400_10,lig_CHEMBL3402751_2100_11,0.9048374180359595
243,cmet_edge_CHEMBL3402752_30000_12_CHEMBL3402751_2100_11,lig_CHEMBL3402752_30000_12,lig_CHEMBL3402751_2100_11,0.9048374180359595
244,cmet_edge_CHEMBL3402752_30000_12_CHEMBL3402754_40_14,lig_CHEMBL3402752_30000_12,lig_CHEMBL3402754_40_14,0.0
245,cmet_edge_CHEMBL3402753_200_13_CHEMBL3402747_3400_7,lig_CHEMBL3402753_200_13,lig_CHEMBL3402747_3400_7,0.0
246,cmet_edge_CHEMBL3402753_200_13_CHEMBL3402750_400_10,lig_CHEMBL3402753_200_13,lig_CHEMBL3402750_400_10,0.0
247,cmet_edge_CHEMBL3402753_200_13_CHEMBL3402755_4200_15,lig_CHEMBL3402753_200_13,lig_CHEMBL3402755_4200_15,0.951229424500714
248,cmet_edge_CHEMBL3402753_200_13_CHEMBL3402761_1_21,lig_CHEMBL3402753_200_13,lig_CHEMBL3402761_1_21,0.2725317930340126
249,cmet_edge_CHEMBL3402755_4200_15_CHEMBL3402754_40_14,lig_CHEMBL3402755_4200_15,lig_CHEMBL3402754_40_14,0.9048374180359595
250,cmet_edge_CHEMBL3402758_10_CHEMBL3402742_23,lig_CHEMBL3402758_10,lig_CHEMBL3402742_23,0.020241911445804388
251,cmet_edge_CHEMBL3402758_10_CHEMBL3402760_1,lig_CHEMBL3402758_10,lig_CHEMBL3402760_1,0.7788007830714049
252,cmet_edge_CHEMBL3402761_1_21_CHEMBL3402754_40_14,lig_CHEMBL3402761_1_21,lig_CHEMBL3402754_40_14,0.2865047968601901
253,cmet_edge_CHEMBL3402761_1_21_CHEMBL3402755_4200_15,lig_CHEMBL3402761_1_21,lig_CHEMBL3402755_4200_15,0.2592402606458915
254,cmet_edge_CHEMBL3402761_1_21_CHEMBL3402760_1,lig_CHEMBL3402761_1_21,lig_CHEMBL3402760_1,0.0
255,cmet_edge_CHEMBL3402761_1_21_CHEMBL3402762_1,lig_CHEMBL3402761_1_21,lig_CHEMBL3402762_1,0.0
256,cmet_edge_CHEMBL3402762_1_CHEMBL3402760_1,lig_CHEMBL3402762_1,lig_CHEMBL3402760_1,0.16529888822158648
257,cmet_edge_CHEMBL3402763_90_CHEMBL3402764_90,lig_CHEMBL3402763_90,lig_CHEMBL3402764_90,0.5488116360940264
258,mcl1_edge_50_60,lig_50,lig_60,0.04285212686704017
259,mcl1_edge_56_35,lig_56,lig_35,0.012277339903068438
260,mcl1_edge_65_60,lig_65,lig_60,0.00909527710169581
261,mcl1_edge_26_57,lig_26,lig_57,0.0
262,mcl1_edge_58_60,lig_58,lig_60,0.01005183574463358
263,mcl1_edge_62_45,lig_62,lig_45,0.006096746565515635
264,mcl1_edge_60_36,lig_60,lig_36,0.02237077185616559
265,mcl1_edge_30_27,lig_30,lig_27,0.013568559012200929
266,mcl1_edge_33_27,lig_33,lig_27,0.013568559012200929
267,mcl1_edge_43_27,lig_43,lig_27,0.01005183574463358
268,mcl1_edge_67_58,lig_67,lig_58,0.01005183574463358
269,mcl1_edge_67_32,lig_67,lig_32,0.02237077185616559
270,mcl1_edge_30_40,lig_30,lig_40,0.014995576820477703
271,mcl1_edge_38_60,lig_38,lig_60,0.006096746565515635
272,mcl1_edge_41_35,lig_41,lig_35,0.007446583070924341
273,mcl1_edge_54_23,lig_54,lig_23,0.0
274,mcl1_edge_56_60,lig_56,lig_60,0.011108996538242301
275,mcl1_edge_66_42,lig_66,lig_42,0.006096746565515635
276,mcl1_edge_29_40,lig_29,lig_40,0.016572675401761248
277,mcl1_edge_26_44,lig_26,lig_44,0.0
278,mcl1_edge_49_35,lig_49,lig_35,0.024723526470339388
279,mcl1_edge_29_35,lig_29,lig_35,0.008229747049020027
280,mcl1_edge_42_51,lig_42,lig_51,0.006096746565515635
281,mcl1_edge_39_32,lig_39,lig_32,0.007446583070924341
282,mcl1_edge_35_37,lig_35,lig_37,0.024723526470339388
283,mcl1_edge_28_35,lig_28,lig_35,0.011108996538242301
284,mcl1_edge_35_53,lig_35,lig_53,0.02237077185616559
285,mcl1_edge_67_63,lig_67,lig_63,0.030197383422318487
286,mcl1_edge_27_45,lig_27,lig_45,0.01005183574463358
287,mcl1_edge_41_32,lig_41,lig_32,0.014995576820477703
288,mcl1_edge_67_53,lig_67,lig_53,0.00909527710169581
289,mcl1_edge_35_33,lig_35,lig_33,0.013568559012200929
290,mcl1_edge_27_46,lig_27,lig_46,0.011108996538242301
291,mcl1_edge_66_23,lig_66,lig_23,0.0
292,mcl1_edge_67_61,lig_67,lig_61,0.02024191144580438
293,mcl1_edge_57_23,lig_57,lig_23,0.0
294,mcl1_edge_30_35,lig_30,lig_35,0.024723526470339388
295,mcl1_edge_61_60,lig_61,lig_60,0.00909527710169581
296,mcl1_edge_67_31,lig_67,lig_31,0.016572675401761237
297,mcl1_edge_32_46,lig_32,lig_46,0.01005183574463358
298,mcl1_edge_35_60,lig_35,lig_60,0.024723526470339388
299,mcl1_edge_31_35,lig_31,lig_35,0.01831563888873418
300,mcl1_edge_62_26,lig_62,lig_26,0.0
301,mcl1_edge_35_36,lig_35,lig_36,0.024723526470339388
302,mcl1_edge_26_64,lig_26,lig_64,0.0
303,mcl1_edge_38_35,lig_38,lig_35,0.0067379469990854635
304,mcl1_edge_35_34,lig_35,lig_34,0.01831563888873418
305,mcl1_edge_29_27,lig_29,lig_27,0.01005183574463358
306,mcl1_edge_48_27,lig_48,lig_27,0.011108996538242301
307,mcl1_edge_68_45,lig_68,lig_45,0.006096746565515635
308,mcl1_edge_63_60,lig_63,lig_60,0.00909527710169581
309,mcl1_edge_54_42,lig_54,lig_42,0.006096746565515635
310,mcl1_edge_44_23,lig_44,lig_23,0.0
311,mcl1_edge_28_27,lig_28,lig_27,0.013568559012200929
312,mcl1_edge_67_27,lig_67,lig_27,0.011108996538242301
313,mcl1_edge_52_60,lig_52,lig_60,0.014995576820477703
314,mcl1_edge_27_23,lig_27,lig_23,0.0
315,mcl1_edge_49_67,lig_49,lig_67,0.03877420783172201
316,mcl1_edge_28_47,lig_28,lig_47,0.006096746565515633
317,mcl1_edge_67_52,lig_67,lig_52,0.014995576820477703
318,mcl1_edge_30_48,lig_30,lig_48,0.01005183574463358
319,mcl1_edge_67_35,lig_67,lig_35,0.024723526470339388
320,mcl1_edge_32_34,lig_32,lig_34,0.02024191144580438
321,mcl1_edge_65_67,lig_65,lig_67,0.00909527710169581
322,mcl1_edge_67_50,lig_67,lig_50,0.04285212686704017
323,mcl1_edge_35_39,lig_35,lig_39,0.0067379469990854635
324,mcl1_edge_43_47,lig_43,lig_47,0.004516580942612666
325,mcl1_edge_67_37,lig_67,lig_37,0.02237077185616559
326,mcl1_edge_42_64,lig_42,lig_64,0.006096746565515635
327,mcl1_edge_51_45,lig_51,lig_45,0.006096746565515635
328,mcl1_edge_68_23,lig_68,lig_23,0.0
329,mcl1_alt_edge_67_35,lig_67,lig_35,0.0301973834223185
330,mcl1_alt_edge_67_31,lig_67,lig_31,0.016572675401761237
331,mcl1_alt_edge_49_35,lig_49,lig_35,0.0301973834223185
332,mcl1_alt_edge_35_33,lig_35,lig_33,0.013568559012200929
333,mcl1_alt_edge_35_36,lig_35,lig_36,0.0301973834223185
334,mcl1_alt_edge_35_34,lig_35,lig_34,0.02732372244729256
335,mcl1_alt_edge_52_60,lig_52,lig_60,0.033373269960326066
336,mcl1_alt_edge_30_48,lig_30,lig_48,0.014995576820477703
337,mcl1_alt_edge_30_40,lig_30,lig_40,0.02237077185616559
338,mcl1_alt_edge_30_27,lig_30,lig_27,0.013568559012200929
339,mcl1_alt_edge_60_36,lig_60,lig_36,0.02732372244729256
340,mcl1_alt_edge_56_35,lig_56,lig_35,0.02732372244729256
341,mcl1_alt_edge_67_52,lig_67,lig_52,0.033373269960326066
342,mcl1_alt_edge_35_37,lig_35,lig_37,0.0301973834223185
343,mcl1_alt_edge_49_67,lig_49,lig_67,0.033373269960326066
344,mcl1_alt_edge_31_35,lig_31,lig_35,0.02732372244729256
345,mcl1_alt_edge_35_60,lig_35,lig_60,0.0301973834223185
346,mcl1_alt_edge_28_35,lig_28,lig_35,0.011108996538242301
347,mcl1_alt_edge_41_35,lig_41,lig_35,0.01094360512683158
348,mcl1_alt_edge_30_35,lig_30,lig_35,0.036883167401239994
349,mcl1_alt_edge_35_53,lig_35,lig_53,0.02732372244729256
350,mcl1_alt_edge_38_35,lig_38,lig_35,0.01005183574463358
351,mcl1_alt_edge_29_35,lig_29,lig_35,0.04076220397836621
352,mcl1_alt_edge_35_39,lig_35,lig_39,0.01005183574463358
353,bace_edge_CAT-13b_CAT-17g,lig_CAT-13b,lig_CAT-17g,0.0
354,bace_edge_CAT-13a_CAT-17g,lig_CAT-13a,lig_CAT-17g,0.33287108369807955
355,bace_edge_CAT-13e_CAT-17g,lig_CAT-13e,lig_CAT-17g,0.009536916221554961
356,bace_edge_CAT-4m_CAT-4c,lig_CAT-4m,lig_CAT-4c,0.016572675401761248
357,bace_edge_CAT-13k_CAT-4d,lig_CAT-13k,lig_CAT-4d,0.0
358,bace_edge_CAT-24_CAT-17e,lig_CAT-24,lig_CAT-17e,0.03877420783172201
359,bace_edge_CAT-13g_CAT-17g,lig_CAT-13g,lig_CAT-17g,0.007808166600115316
360,bace_edge_CAT-13d_CAT-13h,lig_CAT-13d,lig_CAT-13h,0.2725317930340126
361,bace_edge_CAT-13a_CAT-17i,lig_CAT-13a,lig_CAT-17i,0.33287108369807955
362,bace_edge_CAT-4m_CAT-13j,lig_CAT-4m,lig_CAT-13j,0.05784432087483844
363,bace_edge_CAT-13a_CAT-13m,lig_CAT-13a,lig_CAT-13m,0.18268352405273464
364,bace_edge_CAT-4l_CAT-13k,lig_CAT-4l,lig_CAT-13k,0.0
365,bace_edge_CAT-13o_CAT-17i,lig_CAT-13o,lig_CAT-17i,0.008629358649937052
366,bace_edge_CAT-4c_CAT-4o,lig_CAT-4c,lig_CAT-4o,0.016572675401761248
367,bace_edge_CAT-4j_CAT-4o,lig_CAT-4j,lig_CAT-4o,0.020241911445804388
368,bace_edge_CAT-4i_CAT-13m,lig_CAT-4i,lig_CAT-13m,0.05502322005640724
369,bace_edge_CAT-24_CAT-17i,lig_CAT-24,lig_CAT-17i,0.023517745856009107
370,bace_edge_CAT-13j_CAT-4o,lig_CAT-13j,lig_CAT-4o,0.05784432087483844
371,bace_edge_CAT-4n_CAT-13k,lig_CAT-4n,lig_CAT-13k,0.0
372,bace_edge_CAT-4o_CAT-4b,lig_CAT-4o,lig_CAT-4b,0.010567204383852655
373,bace_edge_CAT-17i_CAT-13f,lig_CAT-17i,lig_CAT-13f,0.008629358649937052
374,bace_edge_CAT-17c_CAT-17e,lig_CAT-17c,lig_CAT-17e,0.0407622039783662
375,bace_edge_CAT-13k_CAT-4b,lig_CAT-13k,lig_CAT-4b,0.0
376,bace_edge_CAT-4m_CAT-4j,lig_CAT-4m,lig_CAT-4j,0.020241911445804388
377,bace_edge_CAT-13n_CAT-13k,lig_CAT-13n,lig_CAT-13k,0.0067379469990854635
378,bace_edge_CAT-13d_CAT-17h,lig_CAT-13d,lig_CAT-17h,0.20189651799465536
379,bace_edge_CAT-17b_CAT-13d,lig_CAT-17b,lig_CAT-13d,0.14734183258616193
380,bace_edge_CAT-4m_CAT-4n,lig_CAT-4m,lig_CAT-4n,0.0
381,bace_edge_CAT-4m_CAT-13k,lig_CAT-4m,lig_CAT-13k,0.0
382,bace_edge_CAT-13c_CAT-17i,lig_CAT-13c,lig_CAT-17i,0.0
383,bace_edge_CAT-4a_CAT-4o,lig_CAT-4a,lig_CAT-4o,0.020241911445804388
384,bace_edge_CAT-13h_CAT-17i,lig_CAT-13h,lig_CAT-17i,0.18268352405273466
385,bace_edge_CAT-4o_CAT-4d,lig_CAT-4o,lig_CAT-4d,0.009561601930543506
386,bace_edge_CAT-17g_CAT-17c,lig_CAT-17g,lig_CAT-17c,0.0820849986238988
387,bace_edge_CAT-4a_CAT-13k,lig_CAT-4a,lig_CAT-13k,0.0
388,bace_edge_CAT-13d_CAT-17d,lig_CAT-13d,lig_CAT-17d,0.18268352405273466
389,bace_edge_CAT-17g_CAT-17f,lig_CAT-17g,lig_CAT-17f,0.024723526470339395
390,bace_edge_CAT-13e_CAT-17i,lig_CAT-13e,lig_CAT-17i,0.009536916221554961
391,bace_edge_CAT-13d_CAT-13b,lig_CAT-13d,lig_CAT-13b,0.011108996538242301
392,bace_edge_CAT-17g_CAT-13i,lig_CAT-17g,lig_CAT-13i,0.0
393,bace_edge_CAT-4m_CAT-13m,lig_CAT-4m,lig_CAT-13m,0.05784432087483844
394,bace_edge_CAT-17g_CAT-13c,lig_CAT-17g,lig_CAT-13c,0.0
395,bace_edge_CAT-17i_CAT-17a,lig_CAT-17i,lig_CAT-17a,0.17377394345044514
396,bace_edge_CAT-13d_CAT-13f,lig_CAT-13d,lig_CAT-13f,0.013533528323661271
397,bace_edge_CAT-17f_CAT-17e,lig_CAT-17f,lig_CAT-17e,0.0407622039783662
398,bace_edge_CAT-13d_CAT-17a,lig_CAT-13d,lig_CAT-17a,0.2725317930340126
399,bace_edge_CAT-17g_CAT-17d,lig_CAT-17g,lig_CAT-17d,0.020241911445804388
400,bace_edge_CAT-13n_CAT-13a,lig_CAT-13n,lig_CAT-13a,0.18268352405273464
401,bace_edge_CAT-13o_CAT-17h,lig_CAT-13o,lig_CAT-17h,0.009071795328941252
402,bace_edge_CAT-17b_CAT-17e,lig_CAT-17b,lig_CAT-17e,0.060810062625217945
403,bace_edge_CAT-4k_CAT-4o,lig_CAT-4k,lig_CAT-4o,0.020241911445804388
404,bace_edge_CAT-4m_CAT-4l,lig_CAT-4m,lig_CAT-4l,0.05502322005640724
405,bace_edge_CAT-4m_CAT-4k,lig_CAT-4m,lig_CAT-4k,0.020241911445804388
406,bace_edge_CAT-13n_CAT-4i,lig_CAT-13n,lig_CAT-4i,0.05502322005640724
407,bace_edge_CAT-13g_CAT-17i,lig_CAT-13g,lig_CAT-17i,0.007808166600115316
408,bace_edge_CAT-4p_CAT-13k,lig_CAT-4p,lig_CAT-13k,0.0067379469990854635
409,bace_edge_CAT-4m_CAT-4p,lig_CAT-4m,lig_CAT-4p,0.0
410,bace_edge_CAT-13d_CAT-13i,lig_CAT-13d,lig_CAT-13i,0.27253179303401254
411,bace_hunt_edge_33_13,lig_33,lig_13,0.0
412,bace_hunt_edge_33_25,lig_33,lig_25,0.0
413,bace_hunt_edge_31_33,lig_31,lig_33,0.0
414,bace_hunt_edge_12_33,lig_12,lig_33,0.0
415,bace_hunt_edge_28_34,lig_28,lig_34,0.0
416,bace_hunt_edge_28_37,lig_28,lig_37,0.0
417,bace_hunt_edge_28_23,lig_28,lig_23,0.0
418,bace_hunt_edge_22_32,lig_22,lig_32,0.0
419,bace_hunt_edge_22_16,lig_22,lig_16,0.0
420,bace_hunt_edge_26_32,lig_26,lig_32,0.0
421,bace_hunt_edge_26_14,lig_26,lig_14,0.0
422,bace_hunt_edge_16_26,lig_16,lig_26,0.0
423,bace_hunt_edge_37_34,lig_37,lig_34,0.0
424,bace_hunt_edge_19_37,lig_19,lig_37,0.0
425,bace_hunt_edge_1a_37,lig_1a,lig_37,0.0
426,bace_hunt_edge_27_37,lig_27,lig_37,0.0
427,bace_hunt_edge_35_37,lig_35,lig_37,0.0
428,bace_hunt_edge_21_37,lig_21,lig_37,0.0
429,bace_hunt_edge_30_20,lig_30,lig_20,0.0
430,bace_hunt_edge_30_13,lig_30,lig_13,0.0
431,bace_hunt_edge_30_21,lig_30,lig_21,0.0
432,bace_hunt_edge_30_39,lig_30,lig_39,0.0
433,bace_hunt_edge_1a_40,lig_1a,lig_40,0.0
434,bace_hunt_edge_29_40,lig_29,lig_40,0.0
435,bace_hunt_edge_19_25,lig_19,lig_25,0.0
436,bace_hunt_edge_13_25,lig_13,lig_25,0.0
437,bace_hunt_edge_25_14,lig_25,lig_14,0.0
438,bace_hunt_edge_12_25,lig_12,lig_25,0.0
439,bace_hunt_edge_31_36,lig_31,lig_36,0.0
440,bace_hunt_edge_31_13,lig_31,lig_13,0.0
441,bace_hunt_edge_38_31,lig_38,lig_31,0.0
442,bace_hunt_edge_24_1a,lig_24,lig_1a,0.0
443,bace_hunt_edge_1a_32,lig_1a,lig_32,0.0
444,bace_hunt_edge_29_1a,lig_29,lig_1a,0.0
445,bace_hunt_edge_1a_18,lig_1a,lig_18,0.0
446,bace_hunt_edge_41_1a,lig_41,lig_1a,0.0
447,bace_hunt_edge_38_27,lig_38,lig_27,0.0
448,bace_hunt_edge_27_14,lig_27,lig_14,0.0
449,bace_hunt_edge_24_14,lig_24,lig_14,0.0
450,bace_hunt_edge_12_14,lig_12,lig_14,0.0
451,bace_hunt_edge_18_14,lig_18,lig_14,0.0
452,bace_hunt_edge_39_14,lig_39,lig_14,0.0
453,bace_hunt_edge_17_34,lig_17,lig_34,0.0
454,bace_hunt_edge_17_38,lig_17,lig_38,0.0
455,bace_hunt_edge_39_36,lig_39,lig_36,0.0
456,bace_hunt_edge_23_36,lig_23,lig_36,0.0
457,bace_hunt_edge_11_24,lig_11,lig_24,0.0
458,bace_hunt_edge_11_35,lig_11,lig_35,0.0
459,bace_hunt_edge_11_19,lig_11,lig_19,0.0
460,bace_hunt_edge_11_21,lig_11,lig_21,0.0
461,bace_hunt_edge_38_34,lig_38,lig_34,0.0
462,bace_hunt_edge_20_34,lig_20,lig_34,0.0
463,bace_hunt_edge_24_35,lig_24,lig_35,0.0
464,bace_hunt_edge_20_32,lig_20,lig_32,0.0
465,bace_hunt_edge_21_38,lig_21,lig_38,0.0
466,bace_hunt_edge_19_15,lig_19,lig_15,0.0
467,bace_hunt_edge_18_19,lig_18,lig_19,0.0
468,bace_hunt_edge_16_15,lig_16,lig_15,0.0
469,bace_hunt_edge_41_29,lig_41,lig_29,0.0
470,bace_hunt_edge_18_39,lig_18,lig_39,0.0
471,bace_p2_edge_32_L_31_L,lig_32_L,lig_31_L,0.9048374180359595
472,bace_p2_edge_32_L_29_L,lig_32_L,lig_29_L,0.7408182206817179
473,bace_p2_edge_32_L_35_L,lig_32_L,lig_35_L,0.2018965179946554
474,bace_p2_edge_32_L_30_L,lig_32_L,lig_30_L,0.8187307530779818
475,bace_p2_edge_28_L_35_L,lig_28_L,lig_35_L,0.5488116360940264
476,bace_p2_edge_39_L_35_L,lig_39_L,lig_35_L,0.27253179303401254
477,bace_p2_edge_35_L_29_L,lig_35_L,lig_29_L,0.27253179303401254
478,bace_p2_edge_39_L_34_L,lig_39_L,lig_34_L,0.24659696394160643
479,bace_p2_edge_39_L_37_L,lig_39_L,lig_37_L,0.7408182206817179
480,bace_p2_edge_39_L_28_L,lig_39_L,lig_28_L,0.7788007830714048
481,bace_p2_edge_39_L_36_L,lig_39_L,lig_36_L,0.7408182206817179
482,bace_p2_edge_31_L_30_L,lig_31_L,lig_30_L,0.9048374180359595
483,bace_p2_edge_31_L_29_L,lig_31_L,lig_29_L,0.8187307530779818
484,bace_p2_edge_34_L_29_L,lig_34_L,lig_29_L,0.301194211912202
485,bace_p2_edge_34_L_30_L,lig_34_L,lig_30_L,0.27253179303401254
486,bace_p2_edge_34_L_36_L,lig_34_L,lig_36_L,0.5769498103804866
487,bace_p2_edge_37_L_36_L,lig_37_L,lig_36_L,0.951229424500714
488,bace_p2_edge_28_L_36_L,lig_28_L,lig_36_L,0.951229424500714
489,bace_p2_edge_38_L_36_L,lig_38_L,lig_36_L,0.7046880897187134
490,bace_p2_edge_33_L_30_L,lig_33_L,lig_30_L,0.9048374180359595
491,bace_p2_edge_30_L_29_L,lig_30_L,lig_29_L,0.9048374180359595
492,bace_p2_edge_33_L_29_L,lig_33_L,lig_29_L,0.8187307530779818
493,bace_p2_edge_28_L_38_L,lig_28_L,lig_38_L,0.7408182206817179
494,bace_p2_edge_28_L_29_L,lig_28_L,lig_29_L,0.8607079764250578
495,bace_p2_edge_28_L_37_L,lig_28_L,lig_37_L,0.951229424500714
496,bace_p2_edge_38_L_37_L,lig_38_L,lig_37_L,0.7046880897187134
497,tyk2_edge_jmc_23_ejm_55,lig_jmc_23,lig_ejm_55,0.301194211912202
498,tyk2_edge_ejm_44_ejm_55,lig_ejm_44,lig_ejm_55,0.7788007830714049
499,tyk2_edge_ejm_49_ejm_31,lig_ejm_49,lig_ejm_31,0.27253179303401254
500,tyk2_edge_ejm_31_ejm_46,lig_ejm_31,lig_ejm_46,0.36787944117144233
501,tyk2_edge_jmc_28_jmc_27,lig_jmc_28,lig_jmc_27,0.951229424500714
502,tyk2_edge_ejm_42_ejm_48,lig_ejm_42,lig_ejm_48,0.27253179303401254
503,tyk2_edge_ejm_31_ejm_43,lig_ejm_31,lig_ejm_43,0.8187307530779818
504,tyk2_edge_ejm_50_ejm_42,lig_ejm_50,lig_ejm_42,0.951229424500714
505,tyk2_edge_ejm_42_ejm_55,lig_ejm_42,lig_ejm_55,0.951229424500714
506,tyk2_edge_jmc_23_ejm_46,lig_jmc_23,lig_ejm_46,0.49658530379140947
507,tyk2_edge_ejm_31_ejm_45,lig_ejm_31,lig_ejm_45,0.7408182206817179
508,tyk2_edge_ejm_55_ejm_54,lig_ejm_55,lig_ejm_54,0.6065306597126334
509,tyk2_edge_ejm_45_ejm_42,lig_ejm_45,lig_ejm_42,0.36787944117144233
510,tyk2_edge_ejm_31_jmc_28,lig_ejm_31,lig_jmc_28,0.33287108369807955
511,tyk2_edge_ejm_31_ejm_48,lig_ejm_31,lig_ejm_48,0.301194211912202
512,tyk2_edge_ejm_47_ejm_31,lig_ejm_47,lig_ejm_31,0.33287108369807955
513,tyk2_edge_ejm_47_ejm_55,lig_ejm_47,lig_ejm_55,0.301194211912202
514,tyk2_edge_ejm_44_ejm_42,lig_ejm_44,lig_ejm_42,0.8187307530779818
515,tyk2_edge_jmc_23_jmc_27,lig_jmc_23,lig_jmc_27,0.951229424500714
516,tyk2_edge_ejm_43_ejm_55,lig_ejm_43,lig_ejm_55,0.8607079764250578
517,tyk2_edge_jmc_23_jmc_30,lig_jmc_23,lig_jmc_30,0.7408182206817179
518,tyk2_edge_jmc_28_jmc_30,lig_jmc_28,lig_jmc_30,0.7788007830714048
519,tyk2_edge_ejm_42_ejm_54,lig_ejm_42,lig_ejm_54,0.8607079764250578
520,tyk2_edge_ejm_49_ejm_50,lig_ejm_49,lig_ejm_50,0.24659696394160643
521,eg5_edge_CHEMBL1078774_CHEMBL1089056,lig_CHEMBL1078774,lig_CHEMBL1089056,0.8187307530779818
522,eg5_edge_CHEMBL1078774_CHEMBL1088740,lig_CHEMBL1078774,lig_CHEMBL1088740,0.6065306597126334
523,eg5_edge_CHEMBL1093087_CHEMBL1084678,lig_CHEMBL1093087,lig_CHEMBL1084678,0.14227407158651356
524,eg5_edge_CHEMBL1093087_CHEMBL1096003,lig_CHEMBL1093087,lig_CHEMBL1096003,0.16529888822158653
525,eg5_edge_CHEMBL1093087_CHEMBL1086409,lig_CHEMBL1093087,lig_CHEMBL1086409,0.4065696597405991
526,eg5_edge_CHEMBL1093087_CHEMBL1083517,lig_CHEMBL1093087,lig_CHEMBL1083517,0.4065696597405991
527,eg5_edge_CHEMBL1082249_CHEMBL1086409,lig_CHEMBL1082249,lig_CHEMBL1086409,0.3499377491111554
528,eg5_edge_CHEMBL1082249_CHEMBL1077227,lig_CHEMBL1082249,lig_CHEMBL1077227,0.012873490358780423
529,eg5_edge_CHEMBL1082249_CHEMBL1082248,lig_CHEMBL1082249,lig_CHEMBL1082248,0.6065306597126334
530,eg5_edge_CHEMBL1082249_CHEMBL1096003,lig_CHEMBL1082249,lig_CHEMBL1096003,0.4210515526273211
531,eg5_edge_CHEMBL1089393_CHEMBL1093088,lig_CHEMBL1089393,lig_CHEMBL1093088,0.2592402606458915
532,eg5_edge_CHEMBL1089393_CHEMBL1088740,lig_CHEMBL1089393,lig_CHEMBL1088740,0.951229424500714
533,eg5_edge_CHEMBL1089393_CHEMBL1085895,lig_CHEMBL1089393,lig_CHEMBL1085895,0.28650479686019004
534,eg5_edge_CHEMBL1078691_CHEMBL1089056,lig_CHEMBL1078691,lig_CHEMBL1089056,0.9048374180359595
535,eg5_edge_CHEMBL1078691_CHEMBL1093088,lig_CHEMBL1078691,lig_CHEMBL1093088,0.2865047968601901
536,eg5_edge_CHEMBL1086409_CHEMBL1082248,lig_CHEMBL1086409,lig_CHEMBL1082248,0.5769498103804866
537,eg5_edge_CHEMBL1086409_CHEMBL1085666,lig_CHEMBL1086409,lig_CHEMBL1085666,0.8187307530779818
538,eg5_edge_CHEMBL1086409_CHEMBL1084676,lig_CHEMBL1086409,lig_CHEMBL1084676,0.3867410234545012
539,eg5_edge_CHEMBL1086409_CHEMBL1083517,lig_CHEMBL1086409,lig_CHEMBL1083517,0.951229424500714
540,eg5_edge_CHEMBL1086409_CHEMBL1086410,lig_CHEMBL1086409,lig_CHEMBL1086410,0.7788007830714048
541,eg5_edge_CHEMBL1086409_CHEMBL1084678,lig_CHEMBL1086409,lig_CHEMBL1084678,0.44932896411722156
542,eg5_edge_CHEMBL1082248_CHEMBL1084678,lig_CHEMBL1082248,lig_CHEMBL1084678,0.3166367693790532
543,eg5_edge_CHEMBL1082248_CHEMBL1086410,lig_CHEMBL1082248,lig_CHEMBL1086410,0.6376281516217733
544,eg5_edge_CHEMBL1082248_CHEMBL1083517,lig_CHEMBL1082248,lig_CHEMBL1083517,0.5769498103804866
545,eg5_edge_CHEMBL1082248_CHEMBL1084143,lig_CHEMBL1082248,lig_CHEMBL1084143,0.2592402606458915
546,eg5_edge_CHEMBL1082248_CHEMBL1096002,lig_CHEMBL1082248,lig_CHEMBL1096002,0.8065414401773269
547,eg5_edge_CHEMBL1082248_CHEMBL1083836,lig_CHEMBL1082248,lig_CHEMBL1083836,0.33287108369807955
548,eg5_edge_CHEMBL1084678_CHEMBL1084935,lig_CHEMBL1084678,lig_CHEMBL1084935,0.4065696597405991
549,eg5_edge_CHEMBL1084678_CHEMBL1084431,lig_CHEMBL1084678,lig_CHEMBL1084431,0.20189651799465536
550,eg5_edge_CHEMBL1084678_CHEMBL1077204,lig_CHEMBL1084678,lig_CHEMBL1077204,0.522045776761016
551,eg5_edge_CHEMBL1084678_CHEMBL1084143,lig_CHEMBL1084678,lig_CHEMBL1084143,0.6065306597126334
552,eg5_edge_CHEMBL1084678_CHEMBL1084676,lig_CHEMBL1084678,lig_CHEMBL1084676,0.522045776761016
553,eg5_edge_CHEMBL1084678_CHEMBL1084677,lig_CHEMBL1084678,lig_CHEMBL1084677,0.8187307530779817
554,eg5_edge_CHEMBL1084115_CHEMBL1078998,lig_CHEMBL1084115,lig_CHEMBL1078998,0.9048374180359595
555,eg5_edge_CHEMBL1084115_CHEMBL1088740,lig_CHEMBL1084115,lig_CHEMBL1088740,0.024659696394160643
556,eg5_edge_CHEMBL1084115_CHEMBL1089056,lig_CHEMBL1084115,lig_CHEMBL1089056,0.03328710836980796
557,eg5_edge_CHEMBL1084431_CHEMBL1083517,lig_CHEMBL1084431,lig_CHEMBL1083517,0.25924026064589145
558,eg5_edge_CHEMBL1084431_CHEMBL1096002,lig_CHEMBL1084431,lig_CHEMBL1096002,0.24659696394160646
559,eg5_edge_CHEMBL1084431_CHEMBL1085666,lig_CHEMBL1084431,lig_CHEMBL1085666,0.301194211912202
560,eg5_edge_CHEMBL1085895_CHEMBL1078998,lig_CHEMBL1085895,lig_CHEMBL1078998,0.011648415777349697
561,eg5_edge_CHEMBL1085895_CHEMBL1088740,lig_CHEMBL1085895,lig_CHEMBL1088740,0.301194211912202
562,eg5_edge_CHEMBL1084677_CHEMBL1083836,lig_CHEMBL1084677,lig_CHEMBL1083836,0.12245642825298189
563,eg5_edge_CHEMBL1084677_CHEMBL1085692,lig_CHEMBL1084677,lig_CHEMBL1085692,0.3499377491111553
564,eg5_edge_CHEMBL1084677_CHEMBL1084676,lig_CHEMBL1084677,lig_CHEMBL1084676,0.522045776761016
565,eg5_edge_CHEMBL1084677_CHEMBL1096003,lig_CHEMBL1084677,lig_CHEMBL1096003,0.5769498103804866
566,eg5_edge_CHEMBL1077227_CHEMBL1085666,lig_CHEMBL1077227,lig_CHEMBL1085666,0.025924026064589146
567,eg5_edge_CHEMBL1077227_CHEMBL1086410,lig_CHEMBL1077227,lig_CHEMBL1086410,0.03328710836980796
568,eg5_edge_CHEMBL1077227_CHEMBL1084935,lig_CHEMBL1077227,lig_CHEMBL1084935,0.022313016014842982
569,eg5_edge_CHEMBL1086410_CHEMBL1096002,lig_CHEMBL1086410,lig_CHEMBL1096002,0.522045776761016
570,eg5_edge_CHEMBL1086410_CHEMBL1084935,lig_CHEMBL1086410,lig_CHEMBL1084935,0.6703200460356393
571,eg5_edge_CHEMBL1083517_CHEMBL1085666,lig_CHEMBL1083517,lig_CHEMBL1085666,0.8187307530779818
572,eg5_edge_CHEMBL1096003_CHEMBL1084143,lig_CHEMBL1096003,lig_CHEMBL1084143,0.4723665527410147
573,eg5_edge_CHEMBL1077204_CHEMBL1083836,lig_CHEMBL1077204,lig_CHEMBL1083836,0.11648415777349692
574,eg5_edge_CHEMBL1077204_CHEMBL1084143,lig_CHEMBL1077204,lig_CHEMBL1084143,0.5769498103804866
575,eg5_edge_CHEMBL1077204_CHEMBL1084676,lig_CHEMBL1077204,lig_CHEMBL1084676,0.951229424500714
576,eg5_edge_CHEMBL1083836_CHEMBL1085666,lig_CHEMBL1083836,lig_CHEMBL1085666,0.24659696394160643
577,eg5_edge_CHEMBL1083836_CHEMBL1096002,lig_CHEMBL1083836,lig_CHEMBL1096002,0.27253179303401254
578,eg5_edge_CHEMBL1085692_CHEMBL1096002,lig_CHEMBL1085692,lig_CHEMBL1096002,0.4891921117963315
579,eg5_edge_CHEMBL1085692_CHEMBL1084676,lig_CHEMBL1085692,lig_CHEMBL1084676,0.6065306597126334
580,eg5_edge_CHEMBL1096002_CHEMBL1084935,lig_CHEMBL1096002,lig_CHEMBL1084935,0.522045776761016
581,eg5_edge_CHEMBL1089056_CHEMBL1088740,lig_CHEMBL1089056,lig_CHEMBL1088740,0.7408182206817179
582,eg5_edge_CHEMBL1089056_CHEMBL1078998,lig_CHEMBL1089056,lig_CHEMBL1078998,0.03328710836980796
583,eg5_edge_CHEMBL1093088_CHEMBL1088740,lig_CHEMBL1093088,lig_CHEMBL1088740,0.2725317930340126
584,eg5_edge_CHEMBL1077227_CHEMBL1078998,lig_CHEMBL1077227,lig_CHEMBL1078998,0.0
585,eg5_edge_CHEMBL1086410_CHEMBL1089056,lig_CHEMBL1086410,lig_CHEMBL1089056,0.0
586,eg5_alt_edge_CHEMBL1082248_CHEMBL1083836,lig_CHEMBL1082248,lig_CHEMBL1083836,0.33287108369807955
587,eg5_alt_edge_CHEMBL1083836_CHEMBL1096002,lig_CHEMBL1083836,lig_CHEMBL1096002,0.27253179303401254
588,eg5_alt_edge_CHEMBL1077227_CHEMBL1078998,lig_CHEMBL1077227,lig_CHEMBL1078998,0.0
589,eg5_alt_edge_CHEMBL1086410_CHEMBL1089056,lig_CHEMBL1086410,lig_CHEMBL1089056,0.0
590,eg5_alt_edge_CHEMBL1077204_CHEMBL1083836,lig_CHEMBL1077204,lig_CHEMBL1083836,0.11648415777349692
591,eg5_alt_edge_CHEMBL1084677_CHEMBL1083836,lig_CHEMBL1084677,lig_CHEMBL1083836,0.12245642825298189
592,cdk8_edge_43_38,lig_43,lig_38,0.2465969639416065
593,cdk8_edge_43_42,lig_43,lig_42,0.8607079764250578
594,cdk8_edge_43_45,lig_43,lig_45,0.02725317930340126
595,cdk8_edge_17_16,lig_17,lig_16,0.33287108369807955
596,cdk8_edge_17_25,lig_17,lig_25,0.1224564282529819
597,cdk8_edge_17_45,lig_17,lig_45,0.18268352405273464
598,cdk8_edge_28_25,lig_28,lig_25,0.12245642825298192
599,cdk8_edge_28_30,lig_28,lig_30,0.13533528323661265
600,cdk8_edge_28_39,lig_28,lig_39,0.13533528323661265
601,cdk8_edge_22_21,lig_22,lig_21,0.7408182206817178
602,cdk8_edge_22_26,lig_22,lig_26,0.3867410234545012
603,cdk8_edge_22_32,lig_22,lig_32,0.14956861922263506
604,cdk8_edge_16_14,lig_16,lig_14,0.2018965179946554
605,cdk8_edge_16_15,lig_16,lig_15,0.7046880897187134
606,cdk8_edge_16_20,lig_16,lig_20,0.22313016014842985
607,cdk8_edge_16_19,lig_16,lig_19,0.33287108369807955
608,cdk8_edge_30_33,lig_30,lig_33,0.2018965179946554
609,cdk8_edge_30_37,lig_30,lig_37,0.9048374180359595
610,cdk8_edge_21_20,lig_21,lig_20,0.09071795328941248
611,cdk8_edge_21_41,lig_21,lig_41,0.09071795328941248
612,cdk8_edge_21_29,lig_21,lig_29,0.06720551273974976
613,cdk8_edge_21_26,lig_21,lig_26,0.3867410234545012
614,cdk8_edge_24_42,lig_24,lig_42,0.08629358649937051
615,cdk8_edge_24_33,lig_24,lig_33,0.20189651799465536
616,cdk8_edge_38_29,lig_38,lig_29,0.13533528323661265
617,cdk8_edge_31_25,lig_31,lig_25,0.2725317930340126
618,cdk8_edge_31_37,lig_31,lig_37,0.9048374180359595
619,cdk8_edge_41_39,lig_41,lig_39,0.951229424500714
620,cdk8_edge_41_40,lig_41,lig_40,0.951229424500714
621,cdk8_edge_29_33,lig_29,lig_33,0.7408182206817179
622,cdk8_edge_20_35,lig_20,lig_35,0.18268352405273464
623,cdk8_edge_42_13,lig_42,lig_13,0.5488116360940264
624,cdk8_edge_35_18,lig_35,lig_18,0.06720551273974976
625,cdk8_edge_35_27,lig_35,lig_27,0.2465969639416065
626,cdk8_edge_35_37,lig_35,lig_37,0.036787944117144235
627,cdk8_edge_35_36,lig_35,lig_36,0.9048374180359595
628,cdk8_edge_44_32,lig_44,lig_32,0.07427357821433388
629,cdk8_edge_44_36,lig_44,lig_36,0.22313016014842985
630,cdk8_edge_18_13,lig_18,lig_13,0.13533528323661265
631,cdk8_edge_18_15,lig_18,lig_15,0.24659696394160643
632,cdk8_edge_18_45,lig_18,lig_45,0.24659696394160643
633,cdk8_edge_40_19,lig_40,lig_19,0.24659696394160643
634,cdk8_edge_40_33,lig_40,lig_33,0.2018965179946554
635,cdk8_edge_19_32,lig_19,lig_32,0.9048374180359595
636,cdk8_edge_19_25,lig_19,lig_25,0.49658530379140947
637,cdk8_edge_33_32,lig_33,lig_32,0.7408182206817179
638,cdk8_edge_33_34,lig_33,lig_34,0.2018965179946554
639,cdk8_edge_27_36,lig_27,lig_36,0.22313016014842982
640,cdk8_edge_13_14,lig_13,lig_14,0.08208499862389879
641,cdk8_edge_39_32,lig_39,lig_32,0.27253179303401254
642,cdk8_edge_32_23,lig_32,lig_23,0.1353352832366127
643,cdk8_edge_23_14,lig_23,lig_14,0.02732372244729256
644,cdk8_edge_23_34,lig_23,lig_34,0.0820849986238988
645,cdk8_edge_34_36,lig_34,lig_36,0.7788007830714049
646,hif2a_edge_338_165,lig_338,lig_165,0.8187307530779817
647,hif2a_edge_338_215,lig_338,lig_215,0.7788007830714049
648,hif2a_edge_338_163,lig_338,lig_163,0.8607079764250578
649,hif2a_edge_43_235,lig_43,lig_235,0.1920499086207541
650,hif2a_edge_43_54,lig_43,lig_54,0.42741493194872665
651,hif2a_edge_43_215,lig_43,lig_215,0.1737739434504451
652,hif2a_edge_43_155,lig_43,lig_155,0.24659696394160643
653,hif2a_edge_43_25,lig_43,lig_25,0.1572371663136276
654,hif2a_edge_235_1,lig_235,lig_1,0.4723665527410147
655,hif2a_edge_235_54,lig_235,lig_54,0.08629358649937048
656,hif2a_edge_234_227,lig_234,lig_227,0.6376281516217733
657,hif2a_edge_234_289,lig_234,lig_289,0.7788007830714049
658,hif2a_edge_30_42,lig_30,lig_42,0.6376281516217732
659,hif2a_edge_30_84,lig_30,lig_84,0.20189651799465536
660,hif2a_edge_30_251,lig_30,lig_251,0.13533528323661267
661,hif2a_edge_30_25,lig_30,lig_25,0.14227407158651356
662,hif2a_edge_1_155,lig_1,lig_155,0.7408182206817179
663,hif2a_edge_1_7a,lig_1,lig_7a,0.9048374180359595
664,hif2a_edge_1_254,lig_1,lig_254,0.4965853037914096
665,hif2a_edge_1_256,lig_1,lig_256,0.6065306597126334
666,hif2a_edge_1_15,lig_1,lig_15,0.6065306597126334
667,hif2a_edge_237_227,lig_237,lig_227,0.6703200460356393
668,hif2a_edge_237_31,lig_237,lig_31,0.2018965179946554
669,hif2a_edge_237_41,lig_237,lig_41,0.16529888822158656
670,hif2a_edge_237_336,lig_237,lig_336,0.522045776761016
671,hif2a_edge_237_290,lig_237,lig_290,0.7408182206817179
672,hif2a_edge_237_254,lig_237,lig_254,0.6703200460356392
673,hif2a_edge_227_167,lig_227,lig_167,0.7046880897187134
674,hif2a_edge_227_231,lig_227,lig_231,0.7408182206817179
675,hif2a_edge_227_15,lig_227,lig_15,0.8187307530779818
676,hif2a_edge_266_156,lig_266,lig_156,0.22313016014842982
677,hif2a_edge_266_165,lig_266,lig_165,0.1920499086207541
678,hif2a_edge_266_84,lig_266,lig_84,0.14956861922263504
679,hif2a_edge_266_254,lig_266,lig_254,0.20189651799465536
680,hif2a_edge_206_57,lig_206,lig_57,0.6376281516217733
681,hif2a_edge_206_42,lig_206,lig_42,0.1920499086207541
682,hif2a_edge_206_23,lig_206,lig_23,0.5488116360940265
683,hif2a_edge_206_256,lig_206,lig_256,0.6376281516217732
684,hif2a_edge_67_165,lig_67,lig_165,0.4493289641172216
685,hif2a_edge_67_256,lig_67,lig_256,0.6376281516217732
686,hif2a_edge_156_167,lig_156,lig_167,0.6703200460356393
687,hif2a_edge_156_165,lig_156,lig_165,0.5769498103804866
688,hif2a_edge_156_42,lig_156,lig_42,0.24659696394160643
689,hif2a_edge_156_164,lig_156,lig_164,0.49658530379140947
690,hif2a_edge_31_61,lig_31,lig_61,0.16529888822158656
691,hif2a_edge_31_7a,lig_31,lig_7a,0.16529888822158656
692,hif2a_edge_289_35,lig_289,lig_35,0.12245642825298189
693,hif2a_edge_289_224,lig_289,lig_224,0.009071795328941252
694,hif2a_edge_61_251,lig_61,lig_251,0.7046880897187134
695,hif2a_edge_167_165,lig_167,lig_165,0.8187307530779817
696,hif2a_edge_167_155,lig_167,lig_155,0.7046880897187134
697,hif2a_edge_167_50,lig_167,lig_50,0.14227407158651356
698,hif2a_edge_165_42,lig_165,lig_42,0.18268352405273464
699,hif2a_edge_165_252,lig_165,lig_252,0.9048374180359595
700,hif2a_edge_165_336,lig_165,lig_336,0.7408182206817178
701,hif2a_edge_165_163,lig_165,lig_163,0.951229424500714
702,hif2a_edge_41_7b,lig_41,lig_7b,0.24659696394160643
703,hif2a_edge_7b_42,lig_7b,lig_42,0.18268352405273464
704,hif2a_edge_7b_231,lig_7b,lig_231,0.4065696597405991
705,hif2a_edge_54_251,lig_54,lig_251,0.1053992245618643
706,hif2a_edge_54_124,lig_54,lig_124,0.6065306597126334
707,hif2a_edge_215_252,lig_215,lig_252,0.8607079764250578
708,hif2a_edge_215_15,lig_215,lig_15,0.8607079764250578
709,hif2a_edge_215_163,lig_215,lig_163,0.9048374180359595
710,hif2a_edge_57_231,lig_57,lig_231,0.6703200460356393
711,hif2a_edge_42_164,lig_42,lig_164,0.18268352405273464
712,hif2a_edge_35_7a,lig_35,lig_7a,0.22313016014842982
713,hif2a_edge_35_84,lig_35,lig_84,0.24659696394160643
714,hif2a_edge_252_336,lig_252,lig_336,0.8187307530779818
715,hif2a_edge_252_290,lig_252,lig_290,0.6703200460356392
716,hif2a_edge_252_155,lig_252,lig_155,0.6376281516217733
717,hif2a_edge_252_231,lig_252,lig_231,0.8607079764250578
718,hif2a_edge_252_124,lig_252,lig_124,0.11648415777349694
719,hif2a_edge_336_251,lig_336,lig_251,0.5488116360940265
720,hif2a_edge_290_7a,lig_290,lig_7a,0.4723665527410147
721,hif2a_edge_290_84,lig_290,lig_84,0.3678794411714423
722,hif2a_edge_290_23,lig_290,lig_23,0.5488116360940265
723,hif2a_edge_290_256,lig_290,lig_256,0.4965853037914096
724,hif2a_edge_155_84,lig_155,lig_84,0.49658530379140947
725,hif2a_edge_164_124,lig_164,lig_124,0.12245642825298189
726,hif2a_edge_164_25,lig_164,lig_25,0.42741493194872665
727,hif2a_edge_164_163,lig_164,lig_163,0.8187307530779818
728,hif2a_edge_7a_224,lig_7a,lig_224,0.011080315836233388
729,hif2a_edge_7a_23,lig_7a,lig_23,0.7788007830714049
730,hif2a_edge_224_231,lig_224,lig_231,0.010025884372280372
731,hif2a_edge_84_15,lig_84,lig_15,0.4065696597405991
732,hif2a_edge_254_251,lig_254,lig_251,0.7408182206817179
733,hif2a_edge_254_50,lig_254,lig_50,0.10025884372280372
734,hif2a_edge_23_15,lig_23,lig_15,0.6376281516217732
735,hif2a_edge_251_15,lig_251,lig_15,0.6065306597126334
736,hif2a_edge_251_25,lig_251,lig_25,0.6703200460356392
737,hif2a_edge_15_25,lig_15,lig_25,0.7408182206817178
738,hif2a_alt_edge_237_227,lig_237,lig_227,0.8187307530779818
739,hif2a_alt_edge_237_290,lig_237,lig_290,0.8607079764250578
740,hif2a_alt_edge_266_156,lig_266,lig_156,0.22313016014842982
741,pfkfb3_edge_43_48,lig_43,lig_48,0.7408182206817179
742,pfkfb3_edge_43_44,lig_43,lig_44,0.8187307530779818
743,pfkfb3_edge_30_56,lig_30,lig_56,0.5488116360940265
744,pfkfb3_edge_30_70,lig_30,lig_70,0.5488116360940264
745,pfkfb3_edge_65_34,lig_65,lig_34,0.522045776761016
746,pfkfb3_edge_65_70,lig_65,lig_70,0.8187307530779817
747,pfkfb3_edge_65_64,lig_65,lig_64,0.9048374180359595
748,pfkfb3_edge_65_63,lig_65,lig_63,0.9048374180359595
749,pfkfb3_edge_65_20,lig_65,lig_20,0.33287108369807955
750,pfkfb3_edge_49_58,lig_49,lig_58,0.36787944117144233
751,pfkfb3_edge_49_42,lig_49,lig_42,0.7408182206817179
752,pfkfb3_edge_49_44,lig_49,lig_44,0.951229424500714
753,pfkfb3_edge_24_69,lig_24,lig_69,0.5488116360940264
754,pfkfb3_edge_24_70,lig_24,lig_70,0.5488116360940264
755,pfkfb3_edge_24_34,lig_24,lig_34,0.6376281516217733
756,pfkfb3_edge_67_56,lig_67,lig_56,0.7046880897187134
757,pfkfb3_edge_67_57,lig_67,lig_57,0.6376281516217733
758,pfkfb3_edge_67_64,lig_67,lig_64,0.8187307530779817
759,pfkfb3_edge_62_70,lig_62,lig_70,0.7788007830714048
760,pfkfb3_edge_62_31,lig_62,lig_31,0.5488116360940265
761,pfkfb3_edge_56_69,lig_56,lig_69,0.8187307530779817
762,pfkfb3_edge_59_35,lig_59,lig_35,0.044932896411722156
763,pfkfb3_edge_59_52,lig_59,lig_52,0.04065696597405991
764,pfkfb3_edge_59_47,lig_59,lig_47,0.301194211912202
765,pfkfb3_edge_38_26,lig_38,lig_26,0.2865047968601901
766,pfkfb3_edge_38_41,lig_38,lig_41,0.6376281516217733
767,pfkfb3_edge_38_39,lig_38,lig_39,0.8187307530779818
768,pfkfb3_edge_31_19,lig_31,lig_19,0.7788007830714049
769,pfkfb3_edge_48_47,lig_48,lig_47,0.951229424500714
770,pfkfb3_edge_48_20,lig_48,lig_20,0.6703200460356393
771,pfkfb3_edge_58_68,lig_58,lig_68,0.5488116360940264
772,pfkfb3_edge_58_60,lig_58,lig_60,0.8187307530779818
773,pfkfb3_edge_58_63,lig_58,lig_63,0.5488116360940264
774,pfkfb3_edge_41_44,lig_41,lig_44,0.5488116360940264
775,pfkfb3_edge_29_54,lig_29,lig_54,0.7788007830714049
776,pfkfb3_edge_29_63,lig_29,lig_63,0.7788007830714048
777,pfkfb3_edge_29_70,lig_29,lig_70,0.8607079764250578
778,pfkfb3_edge_29_23,lig_29,lig_23,0.6376281516217733
779,pfkfb3_edge_54_36,lig_54,lig_36,0.7408182206817179
780,pfkfb3_edge_54_70,lig_54,lig_70,0.7408182206817178
781,pfkfb3_edge_47_46,lig_47,lig_46,0.7788007830714049
782,pfkfb3_edge_47_20,lig_47,lig_20,0.6703200460356393
783,pfkfb3_edge_26_69,lig_26,lig_69,0.522045776761016
784,pfkfb3_edge_26_70,lig_26,lig_70,0.522045776761016
785,pfkfb3_edge_55_63,lig_55,lig_63,0.7408182206817178
786,pfkfb3_edge_55_23,lig_55,lig_23,0.6065306597126334
787,pfkfb3_edge_20_39,lig_20,lig_39,0.8607079764250578
788,pfkfb3_edge_20_42,lig_20,lig_42,0.951229424500714
789,pfkfb3_edge_57_70,lig_57,lig_70,0.7408182206817178
790,pfkfb3_edge_35_69,lig_35,lig_69,0.9048374180359595
791,pfkfb3_edge_44_68,lig_44,lig_68,0.33287108369807955
792,pfkfb3_edge_63_36,lig_63,lig_36,0.7408182206817178
793,pfkfb3_edge_69_53,lig_69,lig_53,0.7408182206817178
794,pfkfb3_edge_69_23,lig_69,lig_23,0.6065306597126334
795,pfkfb3_edge_69_60,lig_69,lig_60,0.5488116360940264
796,pfkfb3_edge_52_53,lig_52,lig_53,0.9048374180359595
797,pfkfb3_edge_52_19,lig_52,lig_19,0.5769498103804866
798,pfkfb3_edge_52_46,lig_52,lig_46,0.22313016014842982
799,pfkfb3_edge_19_37,lig_19,lig_37,0.38674102345450123
800,pfkfb3_edge_19_70,lig_19,lig_70,0.5769498103804868
801,pfkfb3_edge_68_70,lig_68,lig_70,0.7788007830714049
802,pfkfb3_edge_68_53,lig_68,lig_53,0.6065306597126334
803,pfkfb3_edge_33_23,lig_33,lig_23,0.8187307530779818
804,pfkfb3_edge_33_36,lig_33,lig_36,0.5769498103804866
805,pfkfb3_edge_33_70,lig_33,lig_70,0.5769498103804866
806,pfkfb3_edge_39_37,lig_39,lig_37,0.12873490358780418
807,pfkfb3_alt_edge_44_68,lig_44,lig_68,0.33287108369807955
808,pde10_edge_7395_3484,lig_7395,lig_3484,0.24659696394160643
809,pde10_edge_7395_0738,lig_7395,lig_0738,0.5769498103804868
810,pde10_edge_8041_4415,lig_8041,lig_4415,0.2725317930340126
811,pde10_edge_4189_4415,lig_4189,lig_4415,0.2725317930340126
812,pde10_edge_1939_3032,lig_1939,lig_3032,0.23457028809379765
813,pde10_edge_5544_3806,lig_5544,lig_3806,0.1572371663136276
814,pde10_edge_4754_4147,lig_4754,lig_4147,0.6065306597126334
815,pde10_edge_3806_6221,lig_3806,lig_6221,0.1737739434504451
816,pde10_edge_3806_0340,lig_3806,lig_0340,0.18268352405273464
817,pde10_edge_3806_1423,lig_3806,lig_1423,0.14956861922263504
818,pde10_edge_3806_5973,lig_3806,lig_5973,0.24659696394160643
819,pde10_edge_4096_4147,lig_4096,lig_4147,0.20189651799465538
820,pde10_edge_4147_2750,lig_4147,lig_2750,0.22313016014842982
821,pde10_edge_4147_7846,lig_4147,lig_7846,0.7408182206817179
822,pde10_edge_6694_4147,lig_6694,lig_4147,0.6065306597126334
823,pde10_edge_1038_9211,lig_1038,lig_9211,0.006096746565515635
824,pde10_edge_1038_0309,lig_1038,lig_0309,0.0015805221687362162
825,pde10_edge_1038_0848,lig_1038,lig_0848,0.0007465858083766789
826,pde10_edge_9211_1056,lig_9211,lig_1056,0.006096746565515635
827,pde10_edge_9211_9237,lig_9211,lig_9237,0.0015805221687362162
828,pde10_edge_9211_0848,lig_9211,lig_0848,0.0006755387751938441
829,pde10_edge_2333_9211,lig_2333,lig_9211,0.006096746565515635
830,pde10_edge_2333_0309,lig_2333,lig_0309,0.0015805221687362162
831,pde10_edge_2333_0848,lig_2333,lig_0848,0.0007465858083766789
832,pde10_edge_0395_8161,lig_0395,lig_8161,0.0011137751478448024
833,pde10_edge_8414_1038,lig_8414,lig_1038,0.0007465858083766789
834,pde10_edge_8414_1056,lig_8414,lig_1056,0.0007465858083766789
835,pde10_edge_8414_2333,lig_8414,lig_2333,0.0007465858083766789
836,pde10_edge_8414_5644,lig_8414,lig_5644,0.0007465858083766789
837,pde10_edge_5644_9211,lig_5644,lig_9211,0.0005530843701478333
838,pde10_edge_5644_0309,lig_5644,lig_0309,0.0018363047770289056
839,pde10_edge_5670_9211,lig_5670,lig_9211,0.0005530843701478333
840,pde10_edge_5687_1801,lig_5687,lig_1801,0.7408182206817179
841,pde10_edge_5687_4147,lig_5687,lig_4147,0.04285212686704018
842,pde10_edge_3032_4096,lig_3032,lig_4096,0.0027323722447292562
843,pde10_edge_8041_4147,lig_8041,lig_4147,0.01224564282529819
844,pde10_edge_5687_1056,lig_5687,lig_1056,0.0
845,pde10_edge_0340_4754,lig_0340,lig_4754,0.22313016014842982
846,pde10_edge_7395_1939,lig_7395,lig_1939,0.07808166600115313
847,pde10_edge_5687_8161,lig_5687,lig_8161,0.0
848,pde10_edge_5544_4147,lig_5544,lig_4147,0.5769498103804868
849,pde10_edge_8041_0738,lig_8041,lig_0738,0.4493289641172215
850,pde10_edge_5973_4096,lig_5973,lig_4096,0.07808166600115314
851,pde10_edge_4147_0395,lig_4147,lig_0395,0.0
852,pde10_edge_3484_2750,lig_3484,lig_2750,0.0030197383422318506
853,pde10_edge_1939_7846,lig_1939,lig_7846,0.0027323722447292562
854,pde10_edge_2750_6221,lig_2750,lig_6221,0.23457028809379762
855,pde10_edge_5973_4754,lig_5973,lig_4754,0.301194211912202
856,pde10_edge_3484_4189,lig_3484,lig_4189,0.1652988882215865
857,pde10_edge_1038_5687,lig_1038,lig_5687,0.0
858,pde10_edge_4415_3032,lig_4415,lig_3032,0.19204990862075408
859,pde10_edge_3806_4147,lig_3806,lig_4147,0.1287349035878042
860,pde10_edge_1423_4754,lig_1423,lig_4754,0.1826835240527346
861,pde10_edge_4147_5973,lig_4147,lig_5973,0.27253179303401254
862,pde10_edge_1801_4147,lig_1801,lig_4147,0.04285212686704018
863,pde10_edge_2750_5973,lig_2750,lig_5973,0.0862935864993705
864,pde10_edge_8041_1939,lig_8041,lig_1939,0.1826835240527346
865,pde10_edge_0340_0738,lig_0340,lig_0738,0.0022370771856165587
866,pde10_edge_3032_8041,lig_3032,lig_8041,0.17377394345044508
867,pde10_alt_edge_7395_3484,lig_7395,lig_3484,0.24659696394160643
868,pde10_alt_edge_3484_4189,lig_3484,lig_4189,0.1652988882215865
869,pde10_alt_edge_3806-mvEster_5973,lig_3806-mvEster,lig_5973,0.24659696394160643
870,shp2_edge_SHP099-1_E8,lig_SHP099-1,lig_E8,0.8607079764250578
871,shp2_edge_SHP099-1_E14,lig_SHP099-1,lig_E14,0.022313016014842982
872,shp2_edge_SHP099-1_E22,lig_SHP099-1,lig_E22,0.9048374180359595
873,shp2_edge_SHP099-1_E2,lig_SHP099-1,lig_E2,0.8607079764250578
874,shp2_edge_SHP099-1_E1,lig_SHP099-1,lig_E1,0.9048374180359595
875,shp2_edge_SHP099-1_E30,lig_SHP099-1,lig_E30,0.951229424500714
876,shp2_edge_SHP099-1_E5,lig_SHP099-1,lig_E5,0.7408182206817178
877,shp2_edge_SHP099-1_E28,lig_SHP099-1,lig_E28,0.33287108369807955
878,shp2_edge_SHP099-1_10,lig_SHP099-1,lig_10,0.9048374180359595
879,shp2_edge_SHP099-1_E23,lig_SHP099-1,lig_E23,0.9048374180359595
880,shp2_edge_SHP099-1_E26,lig_SHP099-1,lig_E26,0.7408182206817179
881,shp2_edge_SHP099-1_E25,lig_SHP099-1,lig_E25,0.8187307530779818
882,shp2_edge_SHP099-1_E24,lig_SHP099-1,lig_E24,0.9048374180359595
883,shp2_edge_E22_E23,lig_E22,lig_E23,0.2967100142940452
884,shp2_edge_E22_7,lig_E22,lig_7,0.6065306597126334
885,shp2_edge_E29_E9,lig_E29,lig_E9,0.36787944117144233
886,shp2_edge_E29_11,lig_E29,lig_11,0.4065696597405991
887,shp2_edge_11_E25,lig_11,lig_E25,0.7408182206817179
888,shp2_edge_11_E6,lig_11,lig_E6,0.7408182206817178
889,shp2_edge_11_4,lig_11,lig_4,0.05784432087483845
890,shp2_edge_11_7,lig_11,lig_7,0.6065306597126334
891,shp2_edge_4_E5,lig_4,lig_E5,0.05502322005640722
892,shp2_edge_4_E27,lig_4,lig_E27,0.7408182206817178
893,shp2_edge_4_SHP836-2,lig_4,lig_SHP836-2,0.8187307530779818
894,shp2_edge_E2_E23,lig_E2,lig_E23,0.7788007830714048
895,shp2_edge_E2_E1,lig_E2,lig_E1,0.951229424500714
896,shp2_edge_E2_E4,lig_E2,lig_E4,0.024659696394160643
897,shp2_edge_E14_7,lig_E14,lig_7,0.018268352405273462
898,shp2_edge_E14_6,lig_E14,lig_6,0.02231301601484298
899,shp2_edge_E26_SHP836-2,lig_E26,lig_SHP836-2,0.42741493194872665
900,shp2_edge_E26_E6,lig_E26,lig_E6,0.6065306597126334
901,shp2_edge_E26_E25,lig_E26,lig_E25,0.6703200460356392
902,shp2_edge_SHP836-2_E5,lig_SHP836-2,lig_E5,0.522045776761016
903,shp2_edge_SHP836-2_E27,lig_SHP836-2,lig_E27,0.9048374180359595
904,shp2_edge_E6_E8,lig_E6,lig_E8,0.7046880897187134
905,shp2_edge_E6_E25,lig_E6,lig_E25,0.6703200460356392
906,shp2_edge_E6_6,lig_E6,lig_6,0.8187307530779818
907,shp2_edge_E1_E24,lig_E1,lig_E24,0.8187307530779817
908,shp2_edge_E1_6,lig_E1,lig_6,0.9048374180359595
909,shp2_edge_E1_7,lig_E1,lig_7,0.7408182206817179
910,shp2_edge_E1_E4,lig_E1,lig_E4,0.024659696394160643
911,shp2_edge_E1_E3,lig_E1,lig_E3,0.024659696394160643
912,shp2_edge_3_E9,lig_3,lig_E9,0.522045776761016
913,shp2_edge_3_E3,lig_3,lig_E3,0.017377394345044508
914,shp2_edge_E9_E30,lig_E9,lig_E30,0.7788007830714049
915,shp2_edge_E8_E30,lig_E8,lig_E30,0.8187307530779817
916,shp2_edge_E8_E4,lig_E8,lig_E4,0.0033373269960326074
917,shp2_edge_7_10,lig_7,lig_10,0.6065306597126334
918,shp2_edge_E24_E28,lig_E24,lig_E28,0.301194211912202
919,shp2_edge_E24_E30,lig_E24,lig_E30,0.8607079764250578
920,shp2_edge_E24_E23,lig_E24,lig_E23,0.28650479686019004
921,shp2_edge_E28_6,lig_E28,lig_6,0.27253179303401254
922,shp2_edge_10_E30,lig_10,lig_E30,0.8607079764250578
923,shp2_edge_E25_E3,lig_E25,lig_E3,0.018268352405273462
924,shp2_edge_E27_E4,lig_E27,lig_E4,0.014227407158651357
925,shp2_edge_E4_E3,lig_E4,lig_E3,0.23457028809379762
926,syk_edge_CHEMBL3265015_CHEMBL3265011,lig_CHEMBL3265015,lig_CHEMBL3265011,0.5488116360940264
927,syk_edge_CHEMBL3265015_CHEMBL3265017,lig_CHEMBL3265015,lig_CHEMBL3265017,0.27253179303401254
928,syk_edge_CHEMBL3265015_CHEMBL3265009,lig_CHEMBL3265015,lig_CHEMBL3265009,0.4723665527410147
929,syk_edge_CHEMBL3265015_CHEMBL3264999,lig_CHEMBL3265015,lig_CHEMBL3264999,0.20189651799465538
930,syk_edge_CHEMBL3265015_CHEMBL3265014,lig_CHEMBL3265015,lig_CHEMBL3265014,0.7408182206817179
931,syk_edge_CHEMBL3265015_CHEMBL3259820,lig_CHEMBL3265015,lig_CHEMBL3259820,0.9048374180359595
932,syk_edge_CHEMBL3265031_CHEMBL3265024,lig_CHEMBL3265031,lig_CHEMBL3265024,0.007427357821433388
933,syk_edge_CHEMBL3265031_CHEMBL3265037,lig_CHEMBL3265031,lig_CHEMBL3265037,0.6376281516217733
934,syk_edge_CHEMBL3265031_CHEMBL3265030_n,lig_CHEMBL3265031,lig_CHEMBL3265030_n,0.0
935,syk_edge_CHEMBL3265021_CHEMBL3265011,lig_CHEMBL3265021,lig_CHEMBL3265011,0.49658530379140947
936,syk_edge_CHEMBL3265021_CHEMBL3265024,lig_CHEMBL3265021,lig_CHEMBL3265024,0.044932896411722156
937,syk_edge_CHEMBL3265021_CHEMBL3265022,lig_CHEMBL3265021,lig_CHEMBL3265022,0.8187307530779817
938,syk_edge_CHEMBL3265021_CHEMBL3265020,lig_CHEMBL3265021,lig_CHEMBL3265020,0.951229424500714
939,syk_edge_CHEMBL3265021_CHEMBL3265017,lig_CHEMBL3265021,lig_CHEMBL3265017,0.9048374180359595
940,syk_edge_CHEMBL3265021_CHEMBL3265035,lig_CHEMBL3265021,lig_CHEMBL3265035,0.522045776761016
941,syk_edge_CHEMBL3265021_CHEMBL3265023,lig_CHEMBL3265021,lig_CHEMBL3265023,0.9048374180359595
942,syk_edge_CHEMBL3265021_CHEMBL3265013,lig_CHEMBL3265021,lig_CHEMBL3265013,0.27253179303401254
943,syk_edge_CHEMBL3264998_CHEMBL3264995,lig_CHEMBL3264998,lig_CHEMBL3264995,0.6065306597126334
944,syk_edge_CHEMBL3264998_CHEMBL3265001,lig_CHEMBL3264998,lig_CHEMBL3265001,0.14956861922263506
945,syk_edge_CHEMBL3265035_CHEMBL3265024,lig_CHEMBL3265035,lig_CHEMBL3265024,0.025924026064589153
946,syk_edge_CHEMBL3265035_CHEMBL3264996,lig_CHEMBL3265035,lig_CHEMBL3264996,0.06392786120670757
947,syk_edge_CHEMBL3265013_CHEMBL3265020,lig_CHEMBL3265013,lig_CHEMBL3265020,0.27253179303401254
948,syk_edge_CHEMBL3265013_CHEMBL3265023,lig_CHEMBL3265013,lig_CHEMBL3265023,0.24659696394160643
949,syk_edge_CHEMBL3265013_CHEMBL3265004,lig_CHEMBL3265013,lig_CHEMBL3265004,0.11648415777349695
950,syk_edge_CHEMBL3265013_CHEMBL3265012,lig_CHEMBL3265013,lig_CHEMBL3265012,0.951229424500714
951,syk_edge_CHEMBL3265013_CHEMBL3259820,lig_CHEMBL3265013,lig_CHEMBL3259820,0.9048374180359595
952,syk_edge_CHEMBL3265036_CHEMBL3265016,lig_CHEMBL3265036,lig_CHEMBL3265016,0.1737739434504451
953,syk_edge_CHEMBL3265036_CHEMBL3265029,lig_CHEMBL3265036,lig_CHEMBL3265029,0.22313016014842982
954,syk_edge_CHEMBL3265034_CHEMBL3265026,lig_CHEMBL3265034,lig_CHEMBL3265026,0.010025884372280372
955,syk_edge_CHEMBL3265034_CHEMBL3265027,lig_CHEMBL3265034,lig_CHEMBL3265027,0.5488116360940264
956,syk_edge_CHEMBL3265034_CHEMBL3265037,lig_CHEMBL3265034,lig_CHEMBL3265037,0.7788007830714049
957,syk_edge_CHEMBL3265034_CHEMBL3265033,lig_CHEMBL3265034,lig_CHEMBL3265033,0.6376281516217732
958,syk_edge_CHEMBL3265014_CHEMBL3265028,lig_CHEMBL3265014,lig_CHEMBL3265028,0.2018965179946554
959,syk_edge_CHEMBL3265014_CHEMBL3265022,lig_CHEMBL3265014,lig_CHEMBL3265022,0.22313016014842982
960,syk_edge_CHEMBL3265014_CHEMBL3265025,lig_CHEMBL3265014,lig_CHEMBL3265025,0.2018965179946554
961,syk_edge_CHEMBL3265014_CHEMBL3265006,lig_CHEMBL3265014,lig_CHEMBL3265006,0.4723665527410147
962,syk_edge_CHEMBL3265009_CHEMBL3265008,lig_CHEMBL3265009,lig_CHEMBL3265008,0.951229424500714
963,syk_edge_CHEMBL3265009_CHEMBL3265020,lig_CHEMBL3265009,lig_CHEMBL3265020,0.27253179303401254
964,syk_edge_CHEMBL3265009_CHEMBL3265005,lig_CHEMBL3265009,lig_CHEMBL3265005,0.9048374180359595
965,syk_edge_CHEMBL3265009_CHEMBL3265006,lig_CHEMBL3265009,lig_CHEMBL3265006,0.8187307530779818
966,syk_edge_CHEMBL3265009_CHEMBL3265003,lig_CHEMBL3265009,lig_CHEMBL3265003,0.20189651799465536
967,syk_edge_CHEMBL3265017_CHEMBL3265026,lig_CHEMBL3265017,lig_CHEMBL3265026,0.04965853037914095
968,syk_edge_CHEMBL3265017_CHEMBL3265024,lig_CHEMBL3265017,lig_CHEMBL3265024,0.044932896411722156
969,syk_edge_CHEMBL3265017_CHEMBL3265016,lig_CHEMBL3265017,lig_CHEMBL3265016,0.951229424500714
970,syk_edge_CHEMBL3265017_CHEMBL3265027,lig_CHEMBL3265017,lig_CHEMBL3265027,0.6703200460356393
971,syk_edge_CHEMBL3265017_CHEMBL3265020,lig_CHEMBL3265017,lig_CHEMBL3265020,0.8607079764250578
972,syk_edge_CHEMBL3265017_CHEMBL3265032,lig_CHEMBL3265017,lig_CHEMBL3265032,0.2018965179946554
973,syk_edge_CHEMBL3265017_CHEMBL3265002,lig_CHEMBL3265017,lig_CHEMBL3265002,0.06720551273974976
974,syk_edge_CHEMBL3265017_CHEMBL3265029,lig_CHEMBL3265017,lig_CHEMBL3265029,0.8187307530779818
975,syk_edge_CHEMBL3265000_CHEMBL3264995,lig_CHEMBL3265000,lig_CHEMBL3264995,0.5488116360940265
976,syk_edge_CHEMBL3265000_CHEMBL3264997,lig_CHEMBL3265000,lig_CHEMBL3264997,0.2465969639416065
977,syk_edge_CHEMBL3265000_CHEMBL3264994,lig_CHEMBL3265000,lig_CHEMBL3264994,0.19204990862075408
978,syk_edge_CHEMBL3265023_CHEMBL3265028,lig_CHEMBL3265023,lig_CHEMBL3265028,0.6703200460356392
979,syk_edge_CHEMBL3265023_CHEMBL3265022,lig_CHEMBL3265023,lig_CHEMBL3265022,0.7408182206817178
980,syk_edge_CHEMBL3265023_CHEMBL3265020,lig_CHEMBL3265023,lig_CHEMBL3265020,0.8607079764250578
981,syk_edge_CHEMBL3265004_CHEMBL3264999,lig_CHEMBL3265004,lig_CHEMBL3264999,0.16529888822158653
982,syk_edge_CHEMBL3265004_CHEMBL3265002,lig_CHEMBL3265004,lig_CHEMBL3265002,0.8187307530779818
983,syk_edge_CHEMBL3265004_CHEMBL3265003,lig_CHEMBL3265004,lig_CHEMBL3265003,0.9048374180359595
984,syk_edge_CHEMBL3265029_CHEMBL3265016,lig_CHEMBL3265029,lig_CHEMBL3265016,0.7788007830714049
985,syk_edge_CHEMBL3265029_CHEMBL3265027,lig_CHEMBL3265029,lig_CHEMBL3265027,0.8187307530779818
986,syk_edge_CHEMBL3265025_CHEMBL3265008,lig_CHEMBL3265025,lig_CHEMBL3265008,0.22313016014842982
987,syk_edge_CHEMBL3265025_CHEMBL3265020,lig_CHEMBL3265025,lig_CHEMBL3265020,0.044932896411722156
988,syk_edge_CHEMBL3265012_CHEMBL3265010,lig_CHEMBL3265012,lig_CHEMBL3265010,0.4065696597405991
989,syk_edge_CHEMBL3265012_CHEMBL3259820,lig_CHEMBL3265012,lig_CHEMBL3259820,0.9048374180359595
990,syk_edge_CHEMBL3265012_CHEMBL3265002,lig_CHEMBL3265012,lig_CHEMBL3265002,0.11080315836233387
991,syk_edge_CHEMBL3265037_CHEMBL3265032,lig_CHEMBL3265037,lig_CHEMBL3265032,0.8187307530779818
992,syk_edge_CHEMBL3265016_CHEMBL3265005,lig_CHEMBL3265016,lig_CHEMBL3265005,0.301194211912202
993,syk_edge_CHEMBL3265016_CHEMBL3265020,lig_CHEMBL3265016,lig_CHEMBL3265020,0.9048374180359595
994,syk_edge_CHEMBL3265032_CHEMBL3265022,lig_CHEMBL3265032,lig_CHEMBL3265022,0.18268352405273464
995,syk_edge_CHEMBL3265032_CHEMBL3265027,lig_CHEMBL3265032,lig_CHEMBL3265027,0.5488116360940264
996,syk_edge_CHEMBL3265032_CHEMBL3265033,lig_CHEMBL3265032,lig_CHEMBL3265033,0.6703200460356393
997,syk_edge_CHEMBL3264997_CHEMBL3264995,lig_CHEMBL3264997,lig_CHEMBL3264995,0.5488116360940264
998,syk_edge_CHEMBL3264997_CHEMBL3264994,lig_CHEMBL3264997,lig_CHEMBL3264994,0.19204990862075408
999,syk_edge_CHEMBL3265028_CHEMBL3265027,lig_CHEMBL3265028,lig_CHEMBL3265027,0.8187307530779818
1000,syk_edge_CHEMBL3265028_CHEMBL3265030_n,lig_CHEMBL3265028,lig_CHEMBL3265030_n,0.44932896411722156
1001,syk_edge_CHEMBL3265018_CHEMBL3265011,lig_CHEMBL3265018,lig_CHEMBL3265011,0.49658530379140947
1002,syk_edge_CHEMBL3265018_CHEMBL3265005,lig_CHEMBL3265018,lig_CHEMBL3265005,0.301194211912202
1003,syk_edge_CHEMBL3265018_CHEMBL3265019,lig_CHEMBL3265018,lig_CHEMBL3265019,0.951229424500714
1004,syk_edge_CHEMBL3265019_CHEMBL3265005,lig_CHEMBL3265019,lig_CHEMBL3265005,0.301194211912202
1005,syk_edge_CHEMBL3265027_CHEMBL3265033,lig_CHEMBL3265027,lig_CHEMBL3265033,0.44932896411722156
1006,syk_edge_CHEMBL3265027_CHEMBL3265020,lig_CHEMBL3265027,lig_CHEMBL3265020,0.5769498103804868
1007,syk_edge_CHEMBL3265027_CHEMBL3265010,lig_CHEMBL3265027,lig_CHEMBL3265010,0.16529888822158648
1008,syk_edge_CHEMBL3265027_CHEMBL3265030_n,lig_CHEMBL3265027,lig_CHEMBL3265030_n,0.5488116360940264
1009,syk_edge_CHEMBL3265024_CHEMBL3265008,lig_CHEMBL3265024,lig_CHEMBL3265008,0.22313016014842982
1010,syk_edge_CHEMBL3264995_CHEMBL3264994,lig_CHEMBL3264995,lig_CHEMBL3264994,0.3499377491111553
1011,syk_edge_CHEMBL3264995_CHEMBL3265001,lig_CHEMBL3264995,lig_CHEMBL3265001,0.16529888822158653
1012,syk_edge_CHEMBL3265033_CHEMBL3265022,lig_CHEMBL3265033,lig_CHEMBL3265022,0.14956861922263504
1013,syk_edge_CHEMBL3265020_CHEMBL3265026,lig_CHEMBL3265020,lig_CHEMBL3265026,0.04965853037914095
1014,syk_edge_CHEMBL3265008_CHEMBL3259820,lig_CHEMBL3265008,lig_CHEMBL3259820,0.49658530379140947
1015,syk_edge_CHEMBL3265008_CHEMBL3265005,lig_CHEMBL3265008,lig_CHEMBL3265005,0.9048374180359595
1016,syk_edge_CHEMBL3265008_CHEMBL3265006,lig_CHEMBL3265008,lig_CHEMBL3265006,0.8187307530779818
1017,syk_edge_CHEMBL3265002_CHEMBL3264999,lig_CHEMBL3265002,lig_CHEMBL3264999,0.16529888822158653
1018,syk_edge_CHEMBL3265002_CHEMBL3264996,lig_CHEMBL3265002,lig_CHEMBL3264996,0.14956861922263506
1019,syk_edge_CHEMBL3265010_CHEMBL3265011,lig_CHEMBL3265010,lig_CHEMBL3265011,0.7408182206817179
1020,syk_edge_CHEMBL3265010_CHEMBL3264996,lig_CHEMBL3265010,lig_CHEMBL3264996,0.301194211912202
1021,syk_edge_CHEMBL3265006_CHEMBL3265011,lig_CHEMBL3265006,lig_CHEMBL3265011,0.8187307530779818
1022,syk_edge_CHEMBL3265006_CHEMBL3265026,lig_CHEMBL3265006,lig_CHEMBL3265026,0.44932896411722156
1023,syk_edge_CHEMBL3265003_CHEMBL3264999,lig_CHEMBL3265003,lig_CHEMBL3264999,0.16529888822158653
1024,syk_edge_CHEMBL3264999_CHEMBL3264996,lig_CHEMBL3264999,lig_CHEMBL3264996,0.6376281516217733
1025,syk_edge_CHEMBL3265002_CHEMBL3265001,lig_CHEMBL3265002,lig_CHEMBL3265001,0.0
1026,syk_edge_CHEMBL3265004_CHEMBL3265001,lig_CHEMBL3265004,lig_CHEMBL3265001,0.0
1027,tnks2_edge_3a_7,lig_3a,lig_7,0.8187307530779817
1028,tnks2_edge_3a_5m,lig_3a,lig_5m,0.7788007830714049
1029,tnks2_edge_3a_3b,lig_3a,lig_3b,0.9048374180359595
1030,tnks2_edge_5f_5a,lig_5f,lig_5a,0.9048374180359595
1031,tnks2_edge_5f_5i,lig_5f,lig_5i,0.951229424500714
1032,tnks2_edge_5f_5l,lig_5f,lig_5l,0.9048374180359595
1033,tnks2_edge_8e_5k,lig_8e,lig_5k,0.0
1034,tnks2_edge_8e_8a,lig_8e,lig_8a,0.8607079764250578
1035,tnks2_edge_8e_8b,lig_8e,lig_8b,0.40656965974059905
1036,tnks2_edge_8e_8c,lig_8e,lig_8c,0.9048374180359595
1037,tnks2_edge_5l_5e,lig_5l,lig_5e,0.7408182206817179
1038,tnks2_edge_5l_5j,lig_5l,lig_5j,0.8187307530779818
1039,tnks2_edge_5l_5p,lig_5l,lig_5p,0.49658530379140947
1040,tnks2_edge_8b_8a,lig_8b,lig_8a,0.9048374180359595
1041,tnks2_edge_8b_8f,lig_8b,lig_8f,0.42741493194872665
1042,tnks2_edge_8b_8d,lig_8b,lig_8d,0.38674102345450123
1043,tnks2_edge_5g_5a,lig_5g,lig_5a,0.9048374180359595
1044,tnks2_edge_5g_5b,lig_5g,lig_5b,0.8187307530779818
1045,tnks2_edge_5g_5d,lig_5g,lig_5d,0.8187307530779818
1046,tnks2_edge_5g_5h,lig_5g,lig_5h,0.8913661439068313
1047,tnks2_edge_1b_1a,lig_1b,lig_1a,0.8187307530779818
1048,tnks2_edge_1b_5h,lig_1b,lig_5h,0.11080315836233386
1049,tnks2_edge_1b_5d,lig_1b,lig_5d,0.12245642825298189
1050,tnks2_edge_1b_5n,lig_1b,lig_5n,0.0907179532894125
1051,tnks2_edge_1b_5c,lig_1b,lig_5c,0.12245642825298189
1052,tnks2_edge_5e_5a,lig_5e,lig_5a,0.9048374180359595
1053,tnks2_edge_5e_5i,lig_5e,lig_5i,0.8187307530779818
1054,tnks2_edge_5e_5h,lig_5e,lig_5h,0.7408182206817179
1055,tnks2_edge_5e_5k,lig_5e,lig_5k,0.8607079764250578
1056,tnks2_edge_5e_5p,lig_5e,lig_5p,0.6376281516217733
1057,tnks2_edge_5e_5n,lig_5e,lig_5n,0.7046880897187134
1058,tnks2_edge_5i_5a,lig_5i,lig_5a,0.9048374180359595
1059,tnks2_edge_5i_5o,lig_5i,lig_5o,0.6703200460356393
1060,tnks2_edge_5i_5m,lig_5i,lig_5m,0.9048374180359595
1061,tnks2_edge_8d_1a,lig_8d,lig_1a,0.0
1062,tnks2_edge_8d_8f,lig_8d,lig_8f,0.9048374180359595
1063,tnks2_edge_8d_8c,lig_8d,lig_8c,0.951229424500714
1064,tnks2_edge_5b_5o,lig_5b,lig_5o,0.5488116360940264
1065,tnks2_edge_5b_5n,lig_5b,lig_5n,0.6065306597126334
1066,tnks2_edge_5b_5c,lig_5b,lig_5c,0.951229424500714
1067,tnks2_edge_5b_5j,lig_5b,lig_5j,0.9048374180359595
1068,tnks2_edge_5h_5m,lig_5h,lig_5m,0.7788007830714049
1069,tnks2_edge_8c_5k,lig_8c,lig_5k,0.0
1070,tnks2_edge_5a_5k,lig_5a,lig_5k,0.8187307530779818
1071,tnks2_edge_5a_5j,lig_5a,lig_5j,0.8187307530779818
1072,tnks2_edge_5a_5d,lig_5a,lig_5d,0.9048374180359595
1073,tnks2_edge_5a_5n,lig_5a,lig_5n,0.6703200460356393
1074,tnks2_edge_5a_5c,lig_5a,lig_5c,0.9048374180359595
1075,tnks2_edge_5k_5d,lig_5k,lig_5d,0.9048374180359595
1076,tnks2_edge_7_3b,lig_7,lig_3b,0.9048374180359595
1077,tnks2_edge_7_5d,lig_7,lig_5d,0.951229424500714
1078,tnks2_edge_7_5j,lig_7,lig_5j,0.8607079764250578
1079,tnks2_edge_7_8a,lig_7,lig_8a,0.0
1080,tnks2_edge_5p_5n,lig_5p,lig_5n,0.9048374180359595
1081,tnks2_edge_1a_5d,lig_1a,lig_5d,0.6065306597126334
1082,tnks2_edge_8f_5m,lig_8f,lig_5m,0.0
1083,tnks2_edge_8f_8a,lig_8f,lig_8a,0.8607079764250578
1084,tnks2_edge_8a_5d,lig_8a,lig_5d,0.0
1085,tnks2_edge_5o_5m,lig_5o,lig_5m,0.7408182206817179
1086,tnks2_edge_5d_5m,lig_5d,lig_5m,0.9048374180359595
1087,bace_2_edge_CAT-13o_CAT-17h,lig_CAT-13o,lig_CAT-17h,0.009071795328941252
